Date,Interest,CPI,Close,PE,"Apple Quarterly Revenue
(Millions of US $)","Apple Quarterly Net Income
(Millions of US $)",Apple Quarterly Operating Margin,Apple Quarterly EPS
2018-06-12,0.017,251.989,48.06999969,9.333980523,61.137,13.822,0.267,0.68
2018-06-13,0.017,251.989,47.67499924,9.257281405,61.137,13.822,0.267,0.68
2018-06-14,0.019,251.989,47.70000076,9.26213607,61.137,13.822,0.267,0.68
2018-06-15,0.019,251.989,47.20999908,9.166990113,61.137,13.822,0.267,0.68
2018-06-18,0.019,251.989,47.18500137,9.162136189,61.137,13.822,0.267,0.68
2018-06-19,0.0191,251.989,46.42250061,9.014077788,61.137,13.822,0.267,0.68
2018-06-20,0.0192,251.989,46.625,9.053398058,61.137,13.822,0.267,0.68
2018-06-21,0.0192,251.989,46.36500168,9.002912947,61.137,13.822,0.267,0.68
2018-06-22,0.0192,251.989,46.22999954,8.97669894,61.137,13.822,0.267,0.68
2018-06-25,0.0192,251.989,45.54249954,8.843203795,61.137,13.822,0.267,0.68
2018-06-26,0.0192,251.989,46.10749817,8.952912266,61.137,13.822,0.267,0.68
2018-06-27,0.0191,251.989,46.04000092,8.939806003,61.137,13.822,0.267,0.68
2018-06-28,0.0191,251.989,46.375,9.004854369,61.137,13.822,0.267,0.68
2018-06-29,0.0191,251.989,46.27750015,8.98592236,53.265,11.519,0.266,0.59
2018-07-02,0.0191,252.006,46.79499817,9.086407411,53.265,11.519,0.266,0.59
2018-07-03,0.0191,252.006,45.97999954,8.928155251,53.265,11.519,0.266,0.59
2018-07-05,0.0191,252.006,46.34999847,8.999999704,53.265,11.519,0.266,0.59
2018-07-06,0.0191,252.006,46.99250031,9.124757341,53.265,11.519,0.266,0.59
2018-07-09,0.0191,252.006,47.64500046,9.2514564,53.265,11.519,0.266,0.59
2018-07-10,0.0191,252.006,47.58750153,9.240291558,53.265,11.519,0.266,0.59
2018-07-11,0.0191,252.006,46.97000122,9.120388587,53.265,11.519,0.266,0.59
2018-07-12,0.0191,252.006,47.75749969,9.273300912,53.265,11.519,0.266,0.59
2018-07-13,0.0191,252.006,47.83250046,9.287864167,53.265,11.519,0.266,0.59
2018-07-16,0.0191,252.006,47.72750092,9.267475906,53.265,11.519,0.266,0.59
2018-07-17,0.0191,252.006,47.86249924,9.293689172,53.265,11.519,0.266,0.59
2018-07-18,0.0191,252.006,47.59999847,9.24271815,53.265,11.519,0.266,0.59
2018-07-19,0.0191,252.006,47.97000122,9.314563344,53.265,11.519,0.266,0.59
2018-07-20,0.0191,252.006,47.86000061,9.293204002,53.265,11.519,0.266,0.59
2018-07-23,0.0191,252.006,47.90250015,9.30145634,53.265,11.519,0.266,0.59
2018-07-24,0.0191,252.006,48.25,9.368932039,53.265,11.519,0.266,0.59
2018-07-25,0.0191,252.006,48.70500183,9.457281909,53.265,11.519,0.266,0.59
2018-07-26,0.0191,252.006,48.55250168,9.427670229,53.265,11.519,0.266,0.59
2018-07-27,0.0191,252.006,47.74499893,9.270873579,53.265,11.519,0.266,0.59
2018-07-30,0.0191,252.006,47.47750092,9.218932217,53.265,11.519,0.266,0.59
2018-07-31,0.0191,252.006,47.57249832,9.237378315,53.265,11.519,0.266,0.59
2018-08-01,0.0191,252.146,50.375,9.781553398,53.265,11.519,0.266,0.59
2018-08-02,0.0191,252.146,51.84749985,10.0674757,53.265,11.519,0.266,0.59
2018-08-03,0.0191,252.146,51.99750137,10.09660221,53.265,11.519,0.266,0.59
2018-08-06,0.0191,252.146,52.26750183,10.14902948,53.265,11.519,0.266,0.59
2018-08-07,0.0191,252.146,51.77750015,10.05388352,53.265,11.519,0.266,0.59
2018-08-08,0.0191,252.146,51.8125,10.06067961,53.265,11.519,0.266,0.59
2018-08-09,0.0191,252.146,52.22000122,10.13980606,53.265,11.519,0.266,0.59
2018-08-10,0.0191,252.146,51.88249969,10.07427179,53.265,11.519,0.266,0.59
2018-08-13,0.0191,252.146,52.21749878,10.13932015,53.265,11.519,0.266,0.59
2018-08-14,0.0191,252.146,52.4375,10.18203883,53.265,11.519,0.266,0.59
2018-08-15,0.0191,252.146,52.56000137,10.20582551,53.265,11.519,0.266,0.59
2018-08-16,0.0192,252.146,53.33000183,10.35534016,53.265,11.519,0.266,0.59
2018-08-17,0.0192,252.146,54.39500046,10.56213601,53.265,11.519,0.266,0.59
2018-08-20,0.0192,252.146,53.86500168,10.45922363,53.265,11.519,0.266,0.59
2018-08-21,0.0192,252.146,53.75999832,10.43883463,53.265,11.519,0.266,0.59
2018-08-22,0.0192,252.146,53.76250076,10.43932054,53.265,11.519,0.266,0.59
2018-08-23,0.0192,252.146,53.87250137,10.46067988,53.265,11.519,0.266,0.59
2018-08-24,0.0192,252.146,54.04000092,10.49320406,53.265,11.519,0.266,0.59
2018-08-27,0.0192,252.146,54.48500061,10.57961177,53.265,11.519,0.266,0.59
2018-08-28,0.0192,252.146,54.92499924,10.6650484,53.265,11.519,0.266,0.59
2018-08-29,0.0192,252.146,55.74499893,10.82427164,53.265,11.519,0.266,0.59
2018-08-30,0.0192,252.146,56.25749969,10.92378635,53.265,11.519,0.266,0.59
2018-08-31,0.0191,252.146,56.90750122,11.05000024,53.265,11.519,0.266,0.59
2018-09-04,0.0192,252.439,57.09000015,11.08543692,53.265,11.519,0.266,0.59
2018-09-05,0.0192,252.439,56.71749878,11.01310656,53.265,11.519,0.266,0.59
2018-09-06,0.0192,252.439,55.77500153,10.83009738,53.265,11.519,0.266,0.59
2018-09-07,0.0192,252.439,55.32500076,10.74271859,53.265,11.519,0.266,0.59
2018-09-10,0.0192,252.439,54.58250046,10.59854378,53.265,11.519,0.266,0.59
2018-09-11,0.0192,252.439,55.96250153,10.86650515,53.265,11.519,0.266,0.59
2018-09-12,0.0192,252.439,55.26750183,10.73155375,53.265,11.519,0.266,0.59
2018-09-13,0.0192,252.439,56.60250092,10.99077688,53.265,11.519,0.266,0.59
2018-09-14,0.0192,252.439,55.95999908,10.86601924,53.265,11.519,0.266,0.59
2018-09-17,0.0192,252.439,54.47000122,10.57669927,53.265,11.519,0.266,0.59
2018-09-18,0.0192,252.439,54.56000137,10.59417502,53.265,11.519,0.266,0.59
2018-09-19,0.0192,252.439,54.59249878,10.6004852,53.265,11.519,0.266,0.59
2018-09-20,0.0192,252.439,55.00749969,10.6810679,53.265,11.519,0.266,0.59
2018-09-21,0.0192,252.439,54.41500092,10.5660196,53.265,11.519,0.266,0.59
2018-09-24,0.0193,252.439,55.19749832,10.71796084,53.265,11.519,0.266,0.59
2018-09-25,0.0193,252.439,55.54750061,10.78592245,53.265,11.519,0.266,0.59
2018-09-26,0.0193,252.439,55.10499954,10.69999991,53.265,11.519,0.266,0.59
2018-09-27,0.0218,252.439,56.23749924,10.91990276,53.265,11.519,0.266,0.59
2018-09-28,0.0218,252.439,56.43500137,10.95825269,62.9,14.125,0.2669,0.74
2018-10-01,0.0218,252.885,56.81499863,11.03203857,62.9,14.125,0.2669,0.74
2018-10-02,0.0218,252.885,57.31999969,11.13009703,62.9,14.125,0.2669,0.74
2018-10-03,0.0218,252.885,58.01750183,11.26553434,62.9,14.125,0.2669,0.74
2018-10-04,0.0218,252.885,56.99750137,11.06747599,62.9,14.125,0.2669,0.74
2018-10-05,0.0218,252.885,56.07249832,10.88786375,62.9,14.125,0.2669,0.74
2018-10-08,0.0218,252.885,55.94250107,10.86262157,62.9,14.125,0.2669,0.74
2018-10-09,0.0218,252.885,56.71749878,11.01310656,62.9,14.125,0.2669,0.74
2018-10-10,0.0218,252.885,54.09000015,10.50291265,62.9,14.125,0.2669,0.74
2018-10-11,0.0218,252.885,53.61249924,10.41019403,62.9,14.125,0.2669,0.74
2018-10-12,0.0218,252.885,55.52750015,10.78203886,62.9,14.125,0.2669,0.74
2018-10-15,0.0218,252.885,54.34000015,10.55145634,62.9,14.125,0.2669,0.74
2018-10-16,0.0218,252.885,55.53749847,10.78398029,62.9,14.125,0.2669,0.74
2018-10-17,0.0219,252.885,55.29750061,10.73737876,62.9,14.125,0.2669,0.74
2018-10-18,0.0219,252.885,54.00500107,10.48640797,62.9,14.125,0.2669,0.74
2018-10-19,0.0219,252.885,54.82749939,10.64611639,62.9,14.125,0.2669,0.74
2018-10-22,0.0219,252.885,55.16249847,10.71116475,62.9,14.125,0.2669,0.74
2018-10-23,0.022,252.885,55.68249893,10.81213571,62.9,14.125,0.2669,0.74
2018-10-24,0.022,252.885,53.77249908,10.44126196,62.9,14.125,0.2669,0.74
2018-10-25,0.022,252.885,54.95000076,10.66990306,62.9,14.125,0.2669,0.74
2018-10-26,0.022,252.885,54.07500076,10.50000015,62.9,14.125,0.2669,0.74
2018-10-29,0.022,252.885,53.06000137,10.30291289,62.9,14.125,0.2669,0.74
2018-10-30,0.022,252.885,53.32500076,10.35436908,62.9,14.125,0.2669,0.74
2018-10-31,0.022,252.885,54.71500015,10.62427187,62.9,14.125,0.2669,0.74
2018-11-01,0.022,252.038,55.55500031,10.7873787,62.9,14.125,0.2669,0.74
2018-11-02,0.0219,252.038,51.86999893,10.07184445,62.9,14.125,0.2669,0.74
2018-11-05,0.022,252.038,50.39749908,9.785922152,62.9,14.125,0.2669,0.74
2018-11-06,0.022,252.038,50.94250107,9.89174778,62.9,14.125,0.2669,0.74
2018-11-07,0.022,252.038,52.48749924,10.19174742,62.9,14.125,0.2669,0.74
2018-11-08,0.022,252.038,52.12250137,10.12087405,62.9,14.125,0.2669,0.74
2018-11-09,0.0219,252.038,51.11750031,9.925728215,62.9,14.125,0.2669,0.74
2018-11-12,0.0219,252.038,48.54249954,9.425728066,62.9,14.125,0.2669,0.74
2018-11-13,0.022,252.038,48.05749893,9.331553191,62.9,14.125,0.2669,0.74
2018-11-14,0.022,252.038,46.70000076,9.067961313,62.9,14.125,0.2669,0.74
2018-11-15,0.022,252.038,47.85250092,9.291747751,62.9,14.125,0.2669,0.74
2018-11-16,0.022,252.038,48.38249969,9.394660135,62.9,14.125,0.2669,0.74
2018-11-19,0.022,252.038,46.46500015,9.022330127,62.9,14.125,0.2669,0.74
2018-11-20,0.022,252.038,44.24499893,8.591261929,62.9,14.125,0.2669,0.74
2018-11-21,0.022,252.038,44.19499969,8.581553339,62.9,14.125,0.2669,0.74
2018-11-23,0.022,252.038,43.07249832,8.363591907,62.9,14.125,0.2669,0.74
2018-11-26,0.022,252.038,43.65499878,8.476698792,62.9,14.125,0.2669,0.74
2018-11-27,0.022,252.038,43.56000137,8.458252694,62.9,14.125,0.2669,0.74
2018-11-28,0.022,252.038,45.23500061,8.783495264,62.9,14.125,0.2669,0.74
2018-11-29,0.022,252.038,44.88750076,8.716019566,62.9,14.125,0.2669,0.74
2018-11-30,0.022,252.038,44.64500046,8.668932128,62.9,14.125,0.2669,0.74
2018-12-03,0.0219,251.233,46.20500183,8.971845016,62.9,14.125,0.2669,0.74
2018-12-04,0.022,251.233,44.17250061,8.577184585,62.9,14.125,0.2669,0.74
2018-12-06,0.022,251.233,43.68000031,8.481553457,62.9,14.125,0.2669,0.74
2018-12-07,0.0219,251.233,42.12250137,8.17912648,62.9,14.125,0.2669,0.74
2018-12-10,0.022,251.233,42.40000153,8.233010005,62.9,14.125,0.2669,0.74
2018-12-11,0.0219,251.233,42.15750122,8.185922567,62.9,14.125,0.2669,0.74
2018-12-12,0.0219,251.233,42.27500153,8.20873816,62.9,14.125,0.2669,0.74
2018-12-13,0.0219,251.233,42.73749924,8.298543541,62.9,14.125,0.2669,0.74
2018-12-14,0.0219,251.233,41.36999893,8.033009501,62.9,14.125,0.2669,0.74
2018-12-17,0.022,251.233,40.98500061,7.958252546,62.9,14.125,0.2669,0.74
2018-12-18,0.022,251.233,41.51750183,8.061650841,62.9,14.125,0.2669,0.74
2018-12-19,0.022,251.233,40.22249985,7.810194145,62.9,14.125,0.2669,0.74
2018-12-20,0.024,251.233,39.20750046,7.613106885,62.9,14.125,0.2669,0.74
2018-12-21,0.024,251.233,37.68249893,7.316990084,62.9,14.125,0.2669,0.74
2018-12-24,0.024,251.233,36.70750046,7.127669992,62.9,14.125,0.2669,0.74
2018-12-26,0.024,251.233,39.29249954,7.629611562,62.9,14.125,0.2669,0.74
2018-12-27,0.024,251.233,39.03749847,7.580096791,62.9,14.125,0.2669,0.74
2018-12-28,0.024,251.233,39.05749893,7.583980375,62.9,14.125,0.2669,0.74
2018-12-31,0.024,251.233,39.43500137,7.65728182,84.31,19.965,0.2598,1.05
2019-01-02,0.024,251.712,39.47999954,6.950704145,84.31,19.965,0.2598,1.05
2019-01-03,0.024,251.712,35.54750061,6.258362784,84.31,19.965,0.2598,1.05
2019-01-04,0.024,251.712,37.06499863,6.525527927,84.31,19.965,0.2598,1.05
2019-01-07,0.024,251.712,36.98249817,6.511003199,84.31,19.965,0.2598,1.05
2019-01-08,0.024,251.712,37.6875,6.635123239,84.31,19.965,0.2598,1.05
2019-01-09,0.024,251.712,38.32749939,6.747799188,84.31,19.965,0.2598,1.05
2019-01-10,0.024,251.712,38.45000076,6.769366332,84.31,19.965,0.2598,1.05
2019-01-11,0.024,251.712,38.07249832,6.702904634,84.31,19.965,0.2598,1.05
2019-01-14,0.024,251.712,37.5,6.602112676,84.31,19.965,0.2598,1.05
2019-01-15,0.024,251.712,38.26750183,6.737236238,84.31,19.965,0.2598,1.05
2019-01-16,0.024,251.712,38.73500061,6.819542361,84.31,19.965,0.2598,1.05
2019-01-17,0.024,251.712,38.96500015,6.860035238,84.31,19.965,0.2598,1.05
2019-01-18,0.024,251.712,39.20500183,6.902289055,84.31,19.965,0.2598,1.05
2019-01-22,0.024,251.712,38.32500076,6.747359289,84.31,19.965,0.2598,1.05
2019-01-23,0.024,251.712,38.47999954,6.774647807,84.31,19.965,0.2598,1.05
2019-01-24,0.024,251.712,38.17499924,6.72095057,84.31,19.965,0.2598,1.05
2019-01-25,0.024,251.712,39.43999863,6.94366173,84.31,19.965,0.2598,1.05
2019-01-28,0.024,251.712,39.07500076,6.879401543,84.31,19.965,0.2598,1.05
2019-01-29,0.024,251.712,38.66999817,6.808098269,84.31,19.965,0.2598,1.05
2019-01-30,0.024,251.712,41.3125,7.273327465,84.31,19.965,0.2598,1.05
2019-01-31,0.024,251.712,41.61000061,7.325704333,84.31,19.965,0.2598,1.05
2019-02-01,0.024,252.776,41.63000107,7.32922554,84.31,19.965,0.2598,1.05
2019-02-04,0.024,252.776,42.8125,7.537411972,84.31,19.965,0.2598,1.05
2019-02-05,0.024,252.776,43.54499817,7.666372917,84.31,19.965,0.2598,1.05
2019-02-06,0.024,252.776,43.56000137,7.669014326,84.31,19.965,0.2598,1.05
2019-02-07,0.024,252.776,42.73500061,7.523767713,84.31,19.965,0.2598,1.05
2019-02-08,0.024,252.776,42.60250092,7.500440302,84.31,19.965,0.2598,1.05
2019-02-11,0.024,252.776,42.35749817,7.457306016,84.31,19.965,0.2598,1.05
2019-02-12,0.024,252.776,42.72249985,7.521566875,84.31,19.965,0.2598,1.05
2019-02-13,0.024,252.776,42.54499817,7.490316579,84.31,19.965,0.2598,1.05
2019-02-14,0.024,252.776,42.70000076,7.517605768,84.31,19.965,0.2598,1.05
2019-02-15,0.024,252.776,42.60499954,7.500880201,84.31,19.965,0.2598,1.05
2019-02-19,0.024,252.776,42.73249817,7.523327142,84.31,19.965,0.2598,1.05
2019-02-20,0.024,252.776,43.00749969,7.571742904,84.31,19.965,0.2598,1.05
2019-02-21,0.024,252.776,42.76499939,7.529049188,84.31,19.965,0.2598,1.05
2019-02-22,0.024,252.776,43.24250031,7.613116251,84.31,19.965,0.2598,1.05
2019-02-25,0.024,252.776,43.55749893,7.668573756,84.31,19.965,0.2598,1.05
2019-02-26,0.024,252.776,43.58250046,7.672975433,84.31,19.965,0.2598,1.05
2019-02-27,0.024,252.776,43.71749878,7.696742743,84.31,19.965,0.2598,1.05
2019-02-28,0.024,252.776,43.28749847,7.621038464,84.31,19.965,0.2598,1.05
2019-03-01,0.024,254.202,43.74250031,7.70114442,84.31,19.965,0.2598,1.05
2019-03-04,0.024,254.202,43.96250153,7.739877029,84.31,19.965,0.2598,1.05
2019-03-05,0.024,254.202,43.88249969,7.7257922,84.31,19.965,0.2598,1.05
2019-03-06,0.024,254.202,43.63000107,7.681338216,84.31,19.965,0.2598,1.05
2019-03-07,0.024,254.202,43.125,7.592429577,84.31,19.965,0.2598,1.05
2019-03-08,0.024,254.202,43.22750092,7.610475513,84.31,19.965,0.2598,1.05
2019-03-11,0.024,254.202,44.72499847,7.87411945,84.31,19.965,0.2598,1.05
2019-03-12,0.024,254.202,45.22750092,7.962588189,84.31,19.965,0.2598,1.05
2019-03-13,0.024,254.202,45.42750168,7.997799591,84.31,19.965,0.2598,1.05
2019-03-14,0.024,254.202,45.93249893,8.086707558,84.31,19.965,0.2598,1.05
2019-03-15,0.024,254.202,46.52999878,8.191901194,84.31,19.965,0.2598,1.05
2019-03-18,0.024,254.202,47.00500107,8.275528357,84.31,19.965,0.2598,1.05
2019-03-19,0.024,254.202,46.63249969,8.209947129,84.31,19.965,0.2598,1.05
2019-03-20,0.0241,254.202,47.04000092,8.281690302,84.31,19.965,0.2598,1.05
2019-03-21,0.0241,254.202,48.77249908,8.586707585,84.31,19.965,0.2598,1.05
2019-03-22,0.0241,254.202,47.76250076,8.408890979,84.31,19.965,0.2598,1.05
2019-03-25,0.024,254.202,47.18500137,8.307218552,84.31,19.965,0.2598,1.05
2019-03-26,0.024,254.202,46.69749832,8.22139055,84.31,19.965,0.2598,1.05
2019-03-27,0.0241,254.202,47.11750031,8.295334561,84.31,19.965,0.2598,1.05
2019-03-28,0.0241,254.202,47.18000031,8.306338082,84.31,19.965,0.2598,1.05
2019-03-29,0.0243,254.202,47.48749924,8.909474529,58.015,11.561,0.2534,0.62
2019-04-01,0.0241,255.548,47.81000137,8.969981496,58.015,11.561,0.2534,0.62
2019-04-02,0.0241,255.548,48.50500107,9.100375435,58.015,11.561,0.2534,0.62
2019-04-03,0.0241,255.548,48.83750153,9.16275826,58.015,11.561,0.2534,0.62
2019-04-04,0.0241,255.548,48.92250061,9.178705555,58.015,11.561,0.2534,0.62
2019-04-05,0.0241,255.548,49.25,9.240150094,58.015,11.561,0.2534,0.62
2019-04-08,0.0241,255.548,50.02500153,9.385553757,58.015,11.561,0.2534,0.62
2019-04-09,0.0241,255.548,49.875,9.357410882,58.015,11.561,0.2534,0.62
2019-04-10,0.0241,255.548,50.15499878,9.409943486,58.015,11.561,0.2534,0.62
2019-04-11,0.0241,255.548,49.73749924,9.331613365,58.015,11.561,0.2534,0.62
2019-04-12,0.0241,255.548,49.71749878,9.327860934,58.015,11.561,0.2534,0.62
2019-04-15,0.0241,255.548,49.80749893,9.344746516,58.015,11.561,0.2534,0.62
2019-04-16,0.0241,255.548,49.8125,9.345684803,58.015,11.561,0.2534,0.62
2019-04-17,0.0242,255.548,50.78250122,9.527673775,58.015,11.561,0.2534,0.62
2019-04-18,0.0243,255.548,50.96500015,9.561913725,58.015,11.561,0.2534,0.62
2019-04-22,0.0244,255.548,51.13249969,9.59333953,58.015,11.561,0.2534,0.62
2019-04-23,0.0244,255.548,51.86999893,9.731707117,58.015,11.561,0.2534,0.62
2019-04-24,0.0244,255.548,51.79000092,9.716698108,58.015,11.561,0.2534,0.62
2019-04-25,0.0244,255.548,51.31999969,9.628517766,58.015,11.561,0.2534,0.62
2019-04-26,0.0244,255.548,51.07500076,9.582551738,58.015,11.561,0.2534,0.62
2019-04-29,0.0245,255.548,51.15250015,9.597091961,58.015,11.561,0.2534,0.62
2019-04-30,0.0245,255.548,50.16749954,9.412288845,58.015,11.561,0.2534,0.62
2019-05-01,0.0245,256.092,52.63000107,9.874296636,58.015,11.561,0.2534,0.62
2019-05-02,0.0241,256.092,52.28749847,9.810037237,58.015,11.561,0.2534,0.62
2019-05-03,0.024,256.092,52.9375,9.931988743,58.015,11.561,0.2534,0.62
2019-05-06,0.024,256.092,52.11999893,9.778611432,58.015,11.561,0.2534,0.62
2019-05-07,0.024,256.092,50.71500015,9.515009409,58.015,11.561,0.2534,0.62
2019-05-08,0.0239,256.092,50.72499847,9.516885267,58.015,11.561,0.2534,0.62
2019-05-09,0.0238,256.092,50.18000031,9.414634204,58.015,11.561,0.2534,0.62
2019-05-10,0.0238,256.092,49.29499817,9.248592527,58.015,11.561,0.2534,0.62
2019-05-13,0.0238,256.092,46.43000031,8.711069476,58.015,11.561,0.2534,0.62
2019-05-14,0.0238,256.092,47.16500092,8.848968277,58.015,11.561,0.2534,0.62
2019-05-15,0.024,256.092,47.72999954,8.954971772,58.015,11.561,0.2534,0.62
2019-05-16,0.0239,256.092,47.52000046,8.915572319,58.015,11.561,0.2534,0.62
2019-05-17,0.0239,256.092,47.25,8.864915572,58.015,11.561,0.2534,0.62
2019-05-20,0.0239,256.092,45.77249908,8.587710898,58.015,11.561,0.2534,0.62
2019-05-21,0.0239,256.092,46.65000153,8.752345502,58.015,11.561,0.2534,0.62
2019-05-22,0.0238,256.092,45.69499969,8.573170674,58.015,11.561,0.2534,0.62
2019-05-23,0.0238,256.092,44.91500092,8.42682944,58.015,11.561,0.2534,0.62
2019-05-24,0.0238,256.092,44.74250031,8.394465348,58.015,11.561,0.2534,0.62
2019-05-28,0.0239,256.092,44.55749893,8.359755897,58.015,11.561,0.2534,0.62
2019-05-29,0.0239,256.092,44.34500122,8.319887659,58.015,11.561,0.2534,0.62
2019-05-30,0.0239,256.092,44.57500076,8.363039543,58.015,11.561,0.2534,0.62
2019-05-31,0.024,256.092,43.76750183,8.211538805,58.015,11.561,0.2534,0.62
2019-06-03,0.0238,256.143,43.32500076,8.128517967,58.015,11.561,0.2534,0.62
2019-06-04,0.0238,256.143,44.90999985,8.425891153,58.015,11.561,0.2534,0.62
2019-06-05,0.0238,256.143,45.63499832,8.561913381,58.015,11.561,0.2534,0.62
2019-06-06,0.0237,256.143,46.30500031,8.687617318,58.015,11.561,0.2534,0.62
2019-06-07,0.0237,256.143,47.53749847,8.918855248,58.015,11.561,0.2534,0.62
2019-06-10,0.0237,256.143,48.14500046,9.032833107,58.015,11.561,0.2534,0.62
2019-06-11,0.0237,256.143,48.70249939,9.137429529,58.015,11.561,0.2534,0.62
2019-06-12,0.0237,256.143,48.54750061,9.108349083,58.015,11.561,0.2534,0.62
2019-06-13,0.0237,256.143,48.53749847,9.106472509,58.015,11.561,0.2534,0.62
2019-06-14,0.0236,256.143,48.18500137,9.040337969,58.015,11.561,0.2534,0.62
2019-06-17,0.0238,256.143,48.47249985,9.094277645,58.015,11.561,0.2534,0.62
2019-06-18,0.0237,256.143,49.61249924,9.308161208,58.015,11.561,0.2534,0.62
2019-06-19,0.0237,256.143,49.46749878,9.280956619,58.015,11.561,0.2534,0.62
2019-06-20,0.0237,256.143,49.86500168,9.355535024,58.015,11.561,0.2534,0.62
2019-06-21,0.0238,256.143,49.69499969,9.323639718,58.015,11.561,0.2534,0.62
2019-06-24,0.0238,256.143,49.64500046,9.314258998,58.015,11.561,0.2534,0.62
2019-06-25,0.0238,256.143,48.89250183,9.173077267,58.015,11.561,0.2534,0.62
2019-06-26,0.0238,256.143,49.95000076,9.37148232,58.015,11.561,0.2534,0.62
2019-06-27,0.0238,256.143,49.93500137,9.368668175,58.015,11.561,0.2534,0.62
2019-06-28,0.024,256.143,49.47999954,9.515384527,53.809,10.044,0.2487,0.55
2019-07-01,0.0239,256.571,50.38750076,9.689903993,53.809,10.044,0.2487,0.55
2019-07-02,0.024,256.571,50.68249893,9.74663441,53.809,10.044,0.2487,0.55
2019-07-03,0.0241,256.571,51.10250092,9.827404022,53.809,10.044,0.2487,0.55
2019-07-05,0.0242,256.571,51.05749893,9.818749795,53.809,10.044,0.2487,0.55
2019-07-08,0.0241,256.571,50.00500107,9.616346359,53.809,10.044,0.2487,0.55
2019-07-09,0.0241,256.571,50.31000137,9.675000264,53.809,10.044,0.2487,0.55
2019-07-10,0.0241,256.571,50.80749893,9.770672872,53.809,10.044,0.2487,0.55
2019-07-11,0.024,256.571,50.4375,9.699519231,53.809,10.044,0.2487,0.55
2019-07-12,0.0238,256.571,50.82500076,9.774038608,53.809,10.044,0.2487,0.55
2019-07-15,0.024,256.571,51.30250168,9.865865707,53.809,10.044,0.2487,0.55
2019-07-16,0.0241,256.571,51.125,9.831730769,53.809,10.044,0.2487,0.55
2019-07-17,0.0241,256.571,50.83750153,9.776442601,53.809,10.044,0.2487,0.55
2019-07-18,0.0241,256.571,51.41500092,9.887500176,53.809,10.044,0.2487,0.55
2019-07-19,0.0241,256.571,50.64749908,9.73990367,53.809,10.044,0.2487,0.55
2019-07-22,0.024,256.571,51.80500031,9.962500059,53.809,10.044,0.2487,0.55
2019-07-23,0.024,256.571,52.20999908,10.04038444,53.809,10.044,0.2487,0.55
2019-07-24,0.024,256.571,52.16749954,10.03221145,53.809,10.044,0.2487,0.55
2019-07-25,0.024,256.571,51.75500107,9.952884821,53.809,10.044,0.2487,0.55
2019-07-26,0.024,256.571,51.93500137,9.987500264,53.809,10.044,0.2487,0.55
2019-07-29,0.024,256.571,52.41999817,10.08076888,53.809,10.044,0.2487,0.55
2019-07-30,0.0239,256.571,52.19499969,10.03749994,53.809,10.044,0.2487,0.55
2019-07-31,0.024,256.571,53.25999832,10.24230737,53.809,10.044,0.2487,0.55
2019-08-01,0.0214,256.558,52.10749817,10.02067272,53.809,10.044,0.2487,0.55
2019-08-02,0.0214,256.558,51.00500107,9.808654052,53.809,10.044,0.2487,0.55
2019-08-05,0.0213,256.558,48.33499908,9.295192132,53.809,10.044,0.2487,0.55
2019-08-06,0.0213,256.558,49.25,9.471153846,53.809,10.044,0.2487,0.55
2019-08-07,0.0212,256.558,49.75999832,9.569230446,53.809,10.044,0.2487,0.55
2019-08-08,0.0212,256.558,50.85749817,9.780288109,53.809,10.044,0.2487,0.55
2019-08-09,0.0212,256.558,50.24750137,9.662981033,53.809,10.044,0.2487,0.55
2019-08-12,0.0212,256.558,50.11999893,9.638461333,53.809,10.044,0.2487,0.55
2019-08-13,0.0212,256.558,52.24250031,10.04663467,53.809,10.044,0.2487,0.55
2019-08-14,0.0212,256.558,50.6875,9.747596154,53.809,10.044,0.2487,0.55
2019-08-15,0.0213,256.558,50.43500137,9.699038726,53.809,10.044,0.2487,0.55
2019-08-16,0.0213,256.558,51.625,9.927884615,53.809,10.044,0.2487,0.55
2019-08-19,0.0213,256.558,52.58750153,10.11298106,53.809,10.044,0.2487,0.55
2019-08-20,0.0213,256.558,52.59000015,10.11346157,53.809,10.044,0.2487,0.55
2019-08-21,0.0212,256.558,53.15999985,10.22307689,53.809,10.044,0.2487,0.55
2019-08-22,0.0212,256.558,53.11500168,10.2144234,53.809,10.044,0.2487,0.55
2019-08-23,0.0212,256.558,50.65999985,9.742307663,53.809,10.044,0.2487,0.55
2019-08-26,0.0212,256.558,51.62250137,9.92740411,53.809,10.044,0.2487,0.55
2019-08-27,0.0212,256.558,51.04000092,9.815384791,53.809,10.044,0.2487,0.55
2019-08-28,0.0212,256.558,51.38249969,9.881249941,53.809,10.044,0.2487,0.55
2019-08-29,0.0212,256.558,52.25249863,10.04855743,53.809,10.044,0.2487,0.55
2019-08-30,0.0213,256.558,52.18500137,10.03557719,53.809,10.044,0.2487,0.55
2019-09-03,0.0213,256.759,51.42499924,9.88942293,53.809,10.044,0.2487,0.55
2019-09-04,0.0213,256.759,52.29750061,10.05721166,53.809,10.044,0.2487,0.55
2019-09-05,0.0213,256.759,53.31999969,10.2538461,53.809,10.044,0.2487,0.55
2019-09-06,0.0212,256.759,53.31499863,10.25288435,53.809,10.044,0.2487,0.55
2019-09-09,0.0213,256.759,53.54249954,10.29663453,53.809,10.044,0.2487,0.55
2019-09-10,0.0213,256.759,54.17499924,10.41826908,53.809,10.044,0.2487,0.55
2019-09-11,0.0213,256.759,55.89749908,10.74951905,53.809,10.044,0.2487,0.55
2019-09-12,0.0213,256.759,55.77249908,10.72548059,53.809,10.044,0.2487,0.55
2019-09-13,0.0214,256.759,54.6875,10.51682692,53.809,10.044,0.2487,0.55
2019-09-16,0.0225,256.759,54.97499847,10.57211509,53.809,10.044,0.2487,0.55
2019-09-17,0.023,256.759,55.17499924,10.61057678,53.809,10.044,0.2487,0.55
2019-09-18,0.0225,256.759,55.69250107,10.71009636,53.809,10.044,0.2487,0.55
2019-09-19,0.019,256.759,55.24000168,10.62307725,53.809,10.044,0.2487,0.55
2019-09-20,0.019,256.759,54.43249893,10.46778826,53.809,10.044,0.2487,0.55
2019-09-23,0.019,256.759,54.68000031,10.51538467,53.809,10.044,0.2487,0.55
2019-09-24,0.019,256.759,54.41999817,10.46538426,53.809,10.044,0.2487,0.55
2019-09-25,0.019,256.759,55.25749969,10.62644225,53.809,10.044,0.2487,0.55
2019-09-26,0.0185,256.759,54.97249985,10.57163459,53.809,10.044,0.2487,0.55
2019-09-27,0.0183,256.759,54.70500183,10.52019266,53.809,10.044,0.2487,0.55
2019-09-30,0.019,256.759,55.99250031,18.72658873,64.04,13.686,0.2457,0.77
2019-10-01,0.0188,257.346,56.14749908,18.77842779,64.04,13.686,0.2457,0.77
2019-10-02,0.0185,257.346,54.74000168,18.30769287,64.04,13.686,0.2457,0.77
2019-10-03,0.0183,257.346,55.20500183,18.46321131,64.04,13.686,0.2457,0.77
2019-10-04,0.0182,257.346,56.75249863,18.98076877,64.04,13.686,0.2457,0.77
2019-10-07,0.0182,257.346,56.76499939,18.98494963,64.04,13.686,0.2457,0.77
2019-10-08,0.0182,257.346,56.09999847,18.7625413,64.04,13.686,0.2457,0.77
2019-10-09,0.0182,257.346,56.75749969,18.98244137,64.04,13.686,0.2457,0.77
2019-10-10,0.0182,257.346,57.52249908,19.23829401,64.04,13.686,0.2457,0.77
2019-10-11,0.0182,257.346,59.05250168,19.75000056,64.04,13.686,0.2457,0.77
2019-10-14,0.0182,257.346,58.96749878,19.7215715,64.04,13.686,0.2457,0.77
2019-10-15,0.019,257.346,58.83000183,19.6755859,64.04,13.686,0.2457,0.77
2019-10-16,0.019,257.346,58.59249878,19.59615344,64.04,13.686,0.2457,0.77
2019-10-17,0.0185,257.346,58.81999969,19.6722407,64.04,13.686,0.2457,0.77
2019-10-18,0.0185,257.346,59.10250092,19.76672271,64.04,13.686,0.2457,0.77
2019-10-21,0.0185,257.346,60.12749863,20.10953131,64.04,13.686,0.2457,0.77
2019-10-22,0.0185,257.346,59.99000168,20.06354571,64.04,13.686,0.2457,0.77
2019-10-23,0.0185,257.346,60.79499817,20.33277531,64.04,13.686,0.2457,0.77
2019-10-24,0.0185,257.346,60.89500046,20.36622089,64.04,13.686,0.2457,0.77
2019-10-25,0.0183,257.346,61.64500046,20.61705701,64.04,13.686,0.2457,0.77
2019-10-28,0.0183,257.346,62.26250076,20.82357885,64.04,13.686,0.2457,0.77
2019-10-29,0.0182,257.346,60.82249832,20.34197268,64.04,13.686,0.2457,0.77
2019-10-30,0.0182,257.346,60.81499863,20.33946442,64.04,13.686,0.2457,0.77
2019-10-31,0.0158,257.346,62.18999863,20.79933064,64.04,13.686,0.2457,0.77
2019-11-01,0.0157,257.208,63.95500183,21.38963272,64.04,13.686,0.2457,0.77
2019-11-04,0.0156,257.208,64.375,21.53010033,64.04,13.686,0.2457,0.77
2019-11-05,0.0156,257.208,64.28250122,21.49916429,64.04,13.686,0.2457,0.77
2019-11-06,0.0155,257.208,64.30999756,21.50836039,64.04,13.686,0.2457,0.77
2019-11-07,0.0155,257.208,64.85749817,21.69147096,64.04,13.686,0.2457,0.77
2019-11-08,0.0155,257.208,65.03500366,21.75083735,64.04,13.686,0.2457,0.77
2019-11-11,0.0155,257.208,65.55000305,21.92307794,64.04,13.686,0.2457,0.77
2019-11-12,0.0155,257.208,65.48999786,21.90300932,64.04,13.686,0.2457,0.77
2019-11-13,0.0155,257.208,66.11750031,22.11287636,64.04,13.686,0.2457,0.77
2019-11-14,0.0155,257.208,65.66000366,21.95986745,64.04,13.686,0.2457,0.77
2019-11-15,0.0155,257.208,66.44000244,22.2207366,64.04,13.686,0.2457,0.77
2019-11-18,0.0155,257.208,66.77500153,22.33277643,64.04,13.686,0.2457,0.77
2019-11-19,0.0155,257.208,66.57250214,22.26505088,64.04,13.686,0.2457,0.77
2019-11-20,0.0155,257.208,65.79750061,22.00585305,64.04,13.686,0.2457,0.77
2019-11-21,0.0155,257.208,65.50250244,21.90719145,64.04,13.686,0.2457,0.77
2019-11-22,0.0155,257.208,65.44499969,21.88795976,64.04,13.686,0.2457,0.77
2019-11-25,0.0155,257.208,66.59249878,22.27173872,64.04,13.686,0.2457,0.77
2019-11-26,0.0155,257.208,66.07250214,22.0978268,64.04,13.686,0.2457,0.77
2019-11-27,0.0155,257.208,66.95999908,22.39464852,64.04,13.686,0.2457,0.77
2019-11-29,0.0156,257.208,66.8125,22.34531773,64.04,13.686,0.2457,0.77
2019-12-02,0.0156,256.974,66.04000092,22.08695683,64.04,13.686,0.2457,0.77
2019-12-03,0.0155,256.974,64.86250305,21.69314483,64.04,13.686,0.2457,0.77
2019-12-04,0.0155,256.974,65.43499756,21.88461457,64.04,13.686,0.2457,0.77
2019-12-05,0.0155,256.974,66.39499664,22.2056845,64.04,13.686,0.2457,0.77
2019-12-06,0.0155,256.974,67.67749786,22.63461467,64.04,13.686,0.2457,0.77
2019-12-09,0.0155,256.974,66.73000336,22.31772688,64.04,13.686,0.2457,0.77
2019-12-10,0.0155,256.974,67.12000275,22.44816145,64.04,13.686,0.2457,0.77
2019-12-11,0.0155,256.974,67.69249725,22.63963119,64.04,13.686,0.2457,0.77
2019-12-12,0.0155,256.974,67.86499786,22.6973237,64.04,13.686,0.2457,0.77
2019-12-13,0.0155,256.974,68.78749847,23.00585233,64.04,13.686,0.2457,0.77
2019-12-16,0.0156,256.974,69.96499634,23.39966433,64.04,13.686,0.2457,0.77
2019-12-17,0.0155,256.974,70.10250092,23.44565248,64.04,13.686,0.2457,0.77
2019-12-18,0.0155,256.974,69.93499756,23.38963129,64.04,13.686,0.2457,0.77
2019-12-19,0.0155,256.974,70.00499725,23.41304256,64.04,13.686,0.2457,0.77
2019-12-20,0.0155,256.974,69.86000061,23.3645487,64.04,13.686,0.2457,0.77
2019-12-23,0.0155,256.974,71.0,23.7458194,64.04,13.686,0.2457,0.77
2019-12-24,0.0155,256.974,71.06749725,23.76839373,64.04,13.686,0.2457,0.77
2019-12-26,0.0155,256.974,72.47750092,24.23996686,64.04,13.686,0.2457,0.77
2019-12-27,0.0155,256.974,72.44999695,24.23076821,64.04,13.686,0.2457,0.77
2019-12-30,0.0155,256.974,72.87999725,24.37458102,64.04,13.686,0.2457,0.77
2019-12-31,0.0155,256.974,73.41249847,23.01332241,91.819,22.236,0.2471,1.25
2020-01-02,0.0155,257.971,75.08750153,23.53840173,91.819,22.236,0.2471,1.25
2020-01-03,0.0155,257.971,74.35749817,23.30956055,91.819,22.236,0.2471,1.25
2020-01-06,0.0155,257.971,74.94999695,23.49529685,91.819,22.236,0.2471,1.25
2020-01-07,0.0155,257.971,74.59750366,23.38479739,91.819,22.236,0.2471,1.25
2020-01-08,0.0155,257.971,75.79750061,23.76097198,91.819,22.236,0.2471,1.25
2020-01-09,0.0155,257.971,77.40750122,24.26567436,91.819,22.236,0.2471,1.25
2020-01-10,0.0154,257.971,77.58249664,24.32053186,91.819,22.236,0.2471,1.25
2020-01-13,0.0154,257.971,79.23999786,24.84012472,91.819,22.236,0.2471,1.25
2020-01-14,0.0154,257.971,78.16999817,24.50470162,91.819,22.236,0.2471,1.25
2020-01-15,0.0154,257.971,77.83499908,24.39968623,91.819,22.236,0.2471,1.25
2020-01-16,0.0154,257.971,78.80999756,24.70532839,91.819,22.236,0.2471,1.25
2020-01-17,0.0155,257.971,79.68250275,24.97884099,91.819,22.236,0.2471,1.25
2020-01-21,0.0155,257.971,79.14250183,24.8095617,91.819,22.236,0.2471,1.25
2020-01-22,0.0155,257.971,79.42500305,24.89812008,91.819,22.236,0.2471,1.25
2020-01-23,0.0155,257.971,79.80750275,25.01802594,91.819,22.236,0.2471,1.25
2020-01-24,0.0155,257.971,79.57749939,24.94592457,91.819,22.236,0.2471,1.25
2020-01-27,0.0155,257.971,77.23750305,24.2123834,91.819,22.236,0.2471,1.25
2020-01-28,0.0155,257.971,79.42250061,24.89733561,91.819,22.236,0.2471,1.25
2020-01-29,0.0155,257.971,81.08499908,25.41849501,91.819,22.236,0.2471,1.25
2020-01-30,0.016,257.971,80.96749878,25.38166106,91.819,22.236,0.2471,1.25
2020-01-31,0.0159,257.971,77.37750244,24.25627036,91.819,22.236,0.2471,1.25
2020-02-03,0.0159,258.678,77.16500092,24.18965546,91.819,22.236,0.2471,1.25
2020-02-04,0.0159,258.678,79.71250153,24.98824499,91.819,22.236,0.2471,1.25
2020-02-05,0.0159,258.678,80.36250305,25.19200723,91.819,22.236,0.2471,1.25
2020-02-06,0.0159,258.678,81.30249786,25.48667645,91.819,22.236,0.2471,1.25
2020-02-07,0.0158,258.678,80.00749969,25.08072091,91.819,22.236,0.2471,1.25
2020-02-10,0.0158,258.678,80.38749695,25.1998423,91.819,22.236,0.2471,1.25
2020-02-11,0.0158,258.678,79.90249634,25.04780449,91.819,22.236,0.2471,1.25
2020-02-12,0.0158,258.678,81.80000305,25.64263419,91.819,22.236,0.2471,1.25
2020-02-13,0.0158,258.678,81.21749878,25.46003097,91.819,22.236,0.2471,1.25
2020-02-14,0.0158,258.678,81.23750305,25.4663019,91.819,22.236,0.2471,1.25
2020-02-18,0.0159,258.678,79.75,25.0,91.819,22.236,0.2471,1.25
2020-02-19,0.0159,258.678,80.90499878,25.36206858,91.819,22.236,0.2471,1.25
2020-02-20,0.0159,258.678,80.07499695,25.10187992,91.819,22.236,0.2471,1.25
2020-02-21,0.0158,258.678,78.26249695,24.5336981,91.819,22.236,0.2471,1.25
2020-02-24,0.0158,258.678,74.54499817,23.36833798,91.819,22.236,0.2471,1.25
2020-02-25,0.0158,258.678,72.01999664,22.57680146,91.819,22.236,0.2471,1.25
2020-02-26,0.0158,258.678,73.16249847,22.9349525,91.819,22.236,0.2471,1.25
2020-02-27,0.0158,258.678,68.37999725,21.43573582,91.819,22.236,0.2471,1.25
2020-02-28,0.0158,258.678,68.33999634,21.42319634,91.819,22.236,0.2471,1.25
2020-03-02,0.0159,258.115,74.70249939,23.41771141,91.819,22.236,0.2471,1.25
2020-03-03,0.0159,258.115,72.33000183,22.67398177,91.819,22.236,0.2471,1.25
2020-03-04,0.0109,258.115,75.68499756,23.72570456,91.819,22.236,0.2471,1.25
2020-03-05,0.0109,258.115,73.23000336,22.9561139,91.819,22.236,0.2471,1.25
2020-03-06,0.0109,258.115,72.25749969,22.65125382,91.819,22.236,0.2471,1.25
2020-03-09,0.0109,258.115,66.54250336,20.85971892,91.819,22.236,0.2471,1.25
2020-03-10,0.0109,258.115,71.33499908,22.36206868,91.819,22.236,0.2471,1.25
2020-03-11,0.0109,258.115,68.85749817,21.58542262,91.819,22.236,0.2471,1.25
2020-03-12,0.011,258.115,62.05749893,19.45376142,91.819,22.236,0.2471,1.25
2020-03-13,0.011,258.115,69.49250031,21.78448285,91.819,22.236,0.2471,1.25
2020-03-16,0.0025,258.115,60.55250168,18.98197545,91.819,22.236,0.2471,1.25
2020-03-17,0.0025,258.115,63.21500015,19.81661447,91.819,22.236,0.2471,1.25
2020-03-18,0.0025,258.115,61.66749954,19.33150456,91.819,22.236,0.2471,1.25
2020-03-19,0.002,258.115,61.19499969,19.18338548,91.819,22.236,0.2471,1.25
2020-03-20,0.0015,258.115,57.31000137,17.96551767,91.819,22.236,0.2471,1.25
2020-03-23,0.0015,258.115,56.09249878,17.58385542,91.819,22.236,0.2471,1.25
2020-03-24,0.0012,258.115,61.72000122,19.34796277,91.819,22.236,0.2471,1.25
2020-03-25,0.001,258.115,61.38000107,19.24137965,91.819,22.236,0.2471,1.25
2020-03-26,0.001,258.115,64.61000061,20.25391869,91.819,22.236,0.2471,1.25
2020-03-27,0.001,258.115,61.93500137,19.41536093,91.819,22.236,0.2471,1.25
2020-03-30,0.0009,258.115,63.70249939,19.96943555,91.819,22.236,0.2471,1.25
2020-03-31,0.0008,258.115,63.57249832,19.80451661,58.313,11.249,0.2448,0.64
2020-04-01,0.0006,256.389,60.22750092,18.76246134,58.313,11.249,0.2448,0.64
2020-04-02,0.0005,256.389,61.23249817,19.0755446,58.313,11.249,0.2448,0.64
2020-04-03,0.0005,256.389,60.35250092,18.80140215,58.313,11.249,0.2448,0.64
2020-04-06,0.0005,256.389,65.61750031,20.44158888,58.313,11.249,0.2448,0.64
2020-04-07,0.0005,256.389,64.85749817,20.20482809,58.313,11.249,0.2448,0.64
2020-04-08,0.0005,256.389,66.51750183,20.72196319,58.313,11.249,0.2448,0.64
2020-04-09,0.0005,256.389,66.99749756,20.87149457,58.313,11.249,0.2448,0.64
2020-04-13,0.0005,256.389,68.3125,21.28115265,58.313,11.249,0.2448,0.64
2020-04-14,0.0005,256.389,71.76249695,22.35591805,58.313,11.249,0.2448,0.64
2020-04-15,0.0005,256.389,71.10749817,22.15186859,58.313,11.249,0.2448,0.64
2020-04-16,0.0005,256.389,71.67250061,22.32788181,58.313,11.249,0.2448,0.64
2020-04-17,0.0005,256.389,70.69999695,22.02492117,58.313,11.249,0.2448,0.64
2020-04-20,0.0005,256.389,69.23249817,21.56775644,58.313,11.249,0.2448,0.64
2020-04-21,0.0005,256.389,67.09249878,20.90108996,58.313,11.249,0.2448,0.64
2020-04-22,0.0005,256.389,69.02500153,21.50311574,58.313,11.249,0.2448,0.64
2020-04-23,0.0004,256.389,68.75749969,21.41978184,58.313,11.249,0.2448,0.64
2020-04-24,0.0005,256.389,70.74250031,22.03816209,58.313,11.249,0.2448,0.64
2020-04-27,0.0004,256.389,70.79250336,22.05373936,58.313,11.249,0.2448,0.64
2020-04-28,0.0004,256.389,69.64499664,21.69626064,58.313,11.249,0.2448,0.64
2020-04-29,0.0004,256.389,71.93250275,22.40887936,58.313,11.249,0.2448,0.64
2020-04-30,0.0005,256.389,73.44999695,22.88161899,58.313,11.249,0.2448,0.64
2020-05-01,0.0005,256.394,72.26750183,22.51324045,58.313,11.249,0.2448,0.64
2020-05-04,0.0005,256.394,73.29000092,22.83177599,58.313,11.249,0.2448,0.64
2020-05-05,0.0005,256.394,74.38999939,23.17445464,58.313,11.249,0.2448,0.64
2020-05-06,0.0005,256.394,75.15750122,23.41355178,58.313,11.249,0.2448,0.64
2020-05-07,0.0005,256.394,75.93499756,23.65576248,58.313,11.249,0.2448,0.64
2020-05-08,0.0005,256.394,77.53250122,24.15342717,58.313,11.249,0.2448,0.64
2020-05-11,0.0005,256.394,78.75250244,24.53348986,58.313,11.249,0.2448,0.64
2020-05-12,0.0005,256.394,77.85250092,24.25311555,58.313,11.249,0.2448,0.64
2020-05-13,0.0005,256.394,76.91249847,23.9602799,58.313,11.249,0.2448,0.64
2020-05-14,0.0005,256.394,77.38500214,24.1074773,58.313,11.249,0.2448,0.64
2020-05-15,0.0005,256.394,76.92749786,23.96495261,58.313,11.249,0.2448,0.64
2020-05-18,0.0005,256.394,78.73999786,24.52959435,58.313,11.249,0.2448,0.64
2020-05-19,0.0005,256.394,78.28500366,24.38785161,58.313,11.249,0.2448,0.64
2020-05-20,0.0005,256.394,79.80750275,24.86215039,58.313,11.249,0.2448,0.64
2020-05-21,0.0005,256.394,79.21250153,24.67679175,58.313,11.249,0.2448,0.64
2020-05-22,0.0005,256.394,79.72250366,24.83567092,58.313,11.249,0.2448,0.64
2020-05-26,0.0005,256.394,79.18250275,24.66744634,58.313,11.249,0.2448,0.64
2020-05-27,0.0005,256.394,79.52749634,24.77492098,58.313,11.249,0.2448,0.64
2020-05-28,0.0005,256.394,79.5625,24.78582555,58.313,11.249,0.2448,0.64
2020-05-29,0.0005,256.394,79.48500061,24.76168243,58.313,11.249,0.2448,0.64
2020-06-01,0.0005,257.797,80.46250153,25.06619985,58.313,11.249,0.2448,0.64
2020-06-02,0.0006,257.797,80.83499908,25.18224271,58.313,11.249,0.2448,0.64
2020-06-03,0.0006,257.797,81.27999878,25.32087189,58.313,11.249,0.2448,0.64
2020-06-04,0.0006,257.797,80.58000183,25.10280431,58.313,11.249,0.2448,0.64
2020-06-05,0.0007,257.797,82.875,25.81775701,58.313,11.249,0.2448,0.64
2020-06-08,0.0007,257.797,83.36499786,25.97040432,58.313,11.249,0.2448,0.64
2020-06-09,0.0007,257.797,85.99749756,26.79049768,58.313,11.249,0.2448,0.64
2020-06-10,0.0008,257.797,88.20999908,27.47975049,58.313,11.249,0.2448,0.64
2020-06-11,0.0008,257.797,83.97499847,26.16043566,58.313,11.249,0.2448,0.64
2020-06-12,0.0008,257.797,84.69999695,26.38629188,58.313,11.249,0.2448,0.64
2020-06-15,0.0009,257.797,85.74749756,26.71261606,58.313,11.249,0.2448,0.64
2020-06-16,0.0009,257.797,88.01999664,27.4205597,58.313,11.249,0.2448,0.64
2020-06-17,0.0009,257.797,87.89749908,27.38239847,58.313,11.249,0.2448,0.64
2020-06-18,0.0009,257.797,87.93250275,27.39330304,58.313,11.249,0.2448,0.64
2020-06-19,0.0009,257.797,87.43000031,27.23676022,58.313,11.249,0.2448,0.64
2020-06-22,0.0008,257.797,89.71749878,27.94937657,58.313,11.249,0.2448,0.64
2020-06-23,0.0008,257.797,91.63249969,28.54595006,58.313,11.249,0.2448,0.64
2020-06-24,0.0008,257.797,90.01499939,28.04205588,58.313,11.249,0.2448,0.64
2020-06-25,0.0008,257.797,91.20999908,28.41432993,58.313,11.249,0.2448,0.64
2020-06-26,0.0008,257.797,88.40750122,27.54127764,58.313,11.249,0.2448,0.64
2020-06-29,0.0008,257.797,90.44499969,28.17601237,58.313,11.249,0.2448,0.64
2020-06-30,0.0008,257.797,91.19999695,27.55286917,59.685,11.253,0.2452,0.65
2020-07-01,0.0008,259.101,91.02749634,27.50075418,59.685,11.253,0.2452,0.65
2020-07-02,0.0009,259.101,91.02749634,27.50075418,59.685,11.253,0.2452,0.65
2020-07-06,0.0009,259.101,93.46250153,28.23640529,59.685,11.253,0.2452,0.65
2020-07-07,0.0009,259.101,93.17250061,28.14879173,59.685,11.253,0.2452,0.65
2020-07-08,0.0009,259.101,95.34249878,28.8043803,59.685,11.253,0.2452,0.65
2020-07-09,0.0009,259.101,95.75250244,28.92824847,59.685,11.253,0.2452,0.65
2020-07-10,0.0009,259.101,95.91999817,28.97885141,59.685,11.253,0.2452,0.65
2020-07-13,0.0009,259.101,95.47750092,28.84516644,59.685,11.253,0.2452,0.65
2020-07-14,0.0009,259.101,97.05750275,29.32250838,59.685,11.253,0.2452,0.65
2020-07-15,0.001,259.101,97.72499847,29.52416872,59.685,11.253,0.2452,0.65
2020-07-16,0.001,259.101,96.52249908,29.16087586,59.685,11.253,0.2452,0.65
2020-07-17,0.0009,259.101,96.32749939,29.10196356,59.685,11.253,0.2452,0.65
2020-07-20,0.001,259.101,98.35749817,29.71525624,59.685,11.253,0.2452,0.65
2020-07-21,0.001,259.101,97.0,29.30513595,59.685,11.253,0.2452,0.65
2020-07-22,0.0009,259.101,97.27249908,29.38746196,59.685,11.253,0.2452,0.65
2020-07-23,0.0009,259.101,92.84500122,28.04984931,59.685,11.253,0.2452,0.65
2020-07-24,0.0009,259.101,92.61499786,27.98036189,59.685,11.253,0.2452,0.65
2020-07-27,0.001,259.101,94.80999756,28.64350379,59.685,11.253,0.2452,0.65
2020-07-28,0.001,259.101,93.25250244,28.17296146,59.685,11.253,0.2452,0.65
2020-07-29,0.001,259.101,95.04000092,28.71299121,59.685,11.253,0.2452,0.65
2020-07-30,0.001,259.101,96.19000244,29.0604237,59.685,11.253,0.2452,0.65
2020-07-31,0.001,259.101,106.2600021,32.10271968,59.685,11.253,0.2452,0.65
2020-08-03,0.001,259.918,108.9375,32.91163142,59.685,11.253,0.2452,0.65
2020-08-04,0.001,259.918,109.6650009,33.13142022,59.685,11.253,0.2452,0.65
2020-08-05,0.001,259.918,110.0625,33.25151057,59.685,11.253,0.2452,0.65
2020-08-06,0.001,259.918,113.9024963,34.41163031,59.685,11.253,0.2452,0.65
2020-08-07,0.001,259.918,111.1125031,33.56873204,59.685,11.253,0.2452,0.65
2020-08-10,0.001,259.918,112.7275009,34.0566468,59.685,11.253,0.2452,0.65
2020-08-11,0.001,259.918,109.375,33.04380665,59.685,11.253,0.2452,0.65
2020-08-12,0.001,259.918,113.0100021,34.1419946,59.685,11.253,0.2452,0.65
2020-08-13,0.001,259.918,115.0100021,34.74622421,59.685,11.253,0.2452,0.65
2020-08-14,0.001,259.918,114.9075012,34.71525717,59.685,11.253,0.2452,0.65
2020-08-17,0.001,259.918,114.6074982,34.6246218,59.685,11.253,0.2452,0.65
2020-08-18,0.0009,259.918,115.5625,34.91314199,59.685,11.253,0.2452,0.65
2020-08-19,0.0009,259.918,115.7074966,34.95694763,59.685,11.253,0.2452,0.65
2020-08-20,0.0009,259.918,118.2750015,35.73262886,59.685,11.253,0.2452,0.65
2020-08-21,0.0009,259.918,124.3700027,37.57401896,59.685,11.253,0.2452,0.65
2020-08-24,0.0009,259.918,125.8574982,38.02341334,59.685,11.253,0.2452,0.65
2020-08-25,0.0009,259.918,124.8249969,37.71147944,59.685,11.253,0.2452,0.65
2020-08-26,0.0009,259.918,126.5224991,38.22431997,59.685,11.253,0.2452,0.65
2020-08-27,0.0008,259.918,125.0100021,37.76737225,59.685,11.253,0.2452,0.65
2020-08-28,0.0009,259.918,124.8075027,37.70619418,59.685,11.253,0.2452,0.65
2020-08-31,0.0009,259.918,129.0399933,38.98489223,59.685,11.253,0.2452,0.65
2020-09-01,0.0009,260.28,134.1799927,40.53776214,59.685,11.253,0.2452,0.65
2020-09-02,0.0009,260.28,131.3999939,39.69788335,59.685,11.253,0.2452,0.65
2020-09-03,0.0009,260.28,120.8799973,36.51963663,59.685,11.253,0.2452,0.65
2020-09-04,0.0009,260.28,120.9599991,36.54380637,59.685,11.253,0.2452,0.65
2020-09-08,0.0009,260.28,112.8199997,34.08459205,59.685,11.253,0.2452,0.65
2020-09-09,0.0009,260.28,117.3199997,35.44410867,59.685,11.253,0.2452,0.65
2020-09-10,0.0009,260.28,113.4899979,34.28700842,59.685,11.253,0.2452,0.65
2020-09-11,0.0009,260.28,112.0,33.83685801,59.685,11.253,0.2452,0.65
2020-09-14,0.0009,260.28,115.3600006,34.85196393,59.685,11.253,0.2452,0.65
2020-09-15,0.0009,260.28,115.5400009,34.90634469,59.685,11.253,0.2452,0.65
2020-09-16,0.0009,260.28,112.1299973,33.8761321,59.685,11.253,0.2452,0.65
2020-09-17,0.0009,260.28,110.3399963,33.33534633,59.685,11.253,0.2452,0.65
2020-09-18,0.0009,260.28,106.8399963,32.27794451,59.685,11.253,0.2452,0.65
2020-09-21,0.0009,260.28,110.0800018,33.25679814,59.685,11.253,0.2452,0.65
2020-09-22,0.0009,260.28,111.8099976,33.77945546,59.685,11.253,0.2452,0.65
2020-09-23,0.0009,260.28,107.1200027,32.36253859,59.685,11.253,0.2452,0.65
2020-09-24,0.0009,260.28,108.2200012,32.69486442,59.685,11.253,0.2452,0.65
2020-09-25,0.0009,260.28,112.2799988,33.92144978,59.685,11.253,0.2452,0.65
2020-09-28,0.0009,260.28,114.9599991,34.73111755,59.685,11.253,0.2452,0.65
2020-09-29,0.0009,260.28,114.0899963,34.46827684,59.685,11.253,0.2452,0.65
2020-09-30,0.0009,260.28,115.8099976,35.30792608,64.698,12.673,0.2415,0.74
2020-10-01,0.0009,260.388,116.7900009,35.6067076,64.698,12.673,0.2415,0.74
2020-10-02,0.0009,260.388,113.0199966,34.45731605,64.698,12.673,0.2415,0.74
2020-10-05,0.0009,260.388,116.5,35.51829268,64.698,12.673,0.2415,0.74
2020-10-06,0.0009,260.388,113.1600037,34.50000112,64.698,12.673,0.2415,0.74
2020-10-07,0.0009,260.388,115.0800018,35.08536641,64.698,12.673,0.2415,0.74
2020-10-08,0.0009,260.388,114.9700012,35.05182964,64.698,12.673,0.2415,0.74
2020-10-09,0.0009,260.388,116.9700012,35.66158574,64.698,12.673,0.2415,0.74
2020-10-12,0.0009,260.388,124.4000015,37.92682973,64.698,12.673,0.2415,0.74
2020-10-13,0.0009,260.388,121.0999985,36.92073124,64.698,12.673,0.2415,0.74
2020-10-14,0.0009,260.388,121.1900024,36.94817148,64.698,12.673,0.2415,0.74
2020-10-15,0.0009,260.388,120.7099991,36.80182899,64.698,12.673,0.2415,0.74
2020-10-16,0.0009,260.388,119.0199966,36.28658434,64.698,12.673,0.2415,0.74
2020-10-19,0.0009,260.388,115.9800034,35.35975712,64.698,12.673,0.2415,0.74
2020-10-20,0.0009,260.388,117.5100021,35.82622016,64.698,12.673,0.2415,0.74
2020-10-21,0.0009,260.388,116.8700027,35.6310984,64.698,12.673,0.2415,0.74
2020-10-22,0.0009,260.388,115.75,35.28963415,64.698,12.673,0.2415,0.74
2020-10-23,0.0009,260.388,115.0400009,35.07317101,64.698,12.673,0.2415,0.74
2020-10-26,0.0009,260.388,115.0500031,35.07622044,64.698,12.673,0.2415,0.74
2020-10-27,0.0009,260.388,116.5999985,35.54878002,64.698,12.673,0.2415,0.74
2020-10-28,0.0009,260.388,111.1999969,33.90243809,64.698,12.673,0.2415,0.74
2020-10-29,0.0009,260.388,115.3199997,35.15853649,64.698,12.673,0.2415,0.74
2020-10-30,0.0009,260.388,108.8600006,33.18902458,64.698,12.673,0.2415,0.74
2020-11-02,0.0009,260.229,108.7699966,33.16158434,64.698,12.673,0.2415,0.74
2020-11-03,0.0009,260.229,110.4400024,33.67073245,64.698,12.673,0.2415,0.74
2020-11-04,0.0009,260.229,114.9499969,35.04573078,64.698,12.673,0.2415,0.74
2020-11-05,0.0009,260.229,119.0299988,36.28963377,64.698,12.673,0.2415,0.74
2020-11-06,0.0009,260.229,118.6900024,36.18597635,64.698,12.673,0.2415,0.74
2020-11-09,0.0009,260.229,116.3199997,35.46341454,64.698,12.673,0.2415,0.74
2020-11-10,0.0009,260.229,115.9700012,35.35670769,64.698,12.673,0.2415,0.74
2020-11-11,0.0009,260.229,119.4899979,36.4298774,64.698,12.673,0.2415,0.74
2020-11-12,0.0009,260.229,119.2099991,36.34451192,64.698,12.673,0.2415,0.74
2020-11-13,0.0009,260.229,119.2600021,36.35975675,64.698,12.673,0.2415,0.74
2020-11-16,0.0009,260.229,120.3000031,36.6768302,64.698,12.673,0.2415,0.74
2020-11-17,0.0009,260.229,119.3899994,36.39939006,64.698,12.673,0.2415,0.74
2020-11-18,0.0009,260.229,118.0299988,35.98475573,64.698,12.673,0.2415,0.74
2020-11-19,0.0008,260.229,118.6399994,36.17073152,64.698,12.673,0.2415,0.74
2020-11-20,0.0008,260.229,117.3399963,35.77438913,64.698,12.673,0.2415,0.74
2020-11-23,0.0008,260.229,113.8499985,34.71036539,64.698,12.673,0.2415,0.74
2020-11-24,0.0008,260.229,115.1699982,35.11280432,64.698,12.673,0.2415,0.74
2020-11-25,0.0008,260.229,116.0299988,35.37499963,64.698,12.673,0.2415,0.74
2020-11-27,0.0008,260.229,116.5899963,35.54573059,64.698,12.673,0.2415,0.74
2020-11-30,0.0009,260.229,119.0500031,36.29573264,64.698,12.673,0.2415,0.74
2020-12-01,0.0009,260.474,122.7200012,37.41463452,64.698,12.673,0.2415,0.74
2020-12-02,0.0009,260.474,123.0800018,37.5243908,64.698,12.673,0.2415,0.74
2020-12-03,0.0009,260.474,122.9400024,37.48170806,64.698,12.673,0.2415,0.74
2020-12-04,0.0009,260.474,122.25,37.27134146,64.698,12.673,0.2415,0.74
2020-12-07,0.0009,260.474,123.75,37.72865854,64.698,12.673,0.2415,0.74
2020-12-08,0.0009,260.474,124.3799973,37.92073087,64.698,12.673,0.2415,0.74
2020-12-09,0.0009,260.474,121.7799988,37.12804841,64.698,12.673,0.2415,0.74
2020-12-10,0.0009,260.474,123.2399979,37.57317008,64.698,12.673,0.2415,0.74
2020-12-11,0.0009,260.474,122.4100037,37.32012307,64.698,12.673,0.2415,0.74
2020-12-14,0.0009,260.474,121.7799988,37.12804841,64.698,12.673,0.2415,0.74
2020-12-15,0.0009,260.474,127.8799973,38.98780404,64.698,12.673,0.2415,0.74
2020-12-16,0.0009,260.474,127.8099976,38.96646267,64.698,12.673,0.2415,0.74
2020-12-17,0.0009,260.474,128.6999969,39.23780395,64.698,12.673,0.2415,0.74
2020-12-18,0.0009,260.474,126.6600037,38.61585478,64.698,12.673,0.2415,0.74
2020-12-21,0.0009,260.474,128.2299957,39.09451089,64.698,12.673,0.2415,0.74
2020-12-22,0.0009,260.474,131.8800049,40.20731856,64.698,12.673,0.2415,0.74
2020-12-23,0.0009,260.474,130.9600067,39.92683132,64.698,12.673,0.2415,0.74
2020-12-24,0.0009,260.474,131.9700012,40.23475647,64.698,12.673,0.2415,0.74
2020-12-28,0.0009,260.474,136.6900024,41.67378123,64.698,12.673,0.2415,0.74
2020-12-29,0.0009,260.474,134.8699951,41.11890095,64.698,12.673,0.2415,0.74
2020-12-30,0.0009,260.474,133.7200012,40.76829306,64.698,12.673,0.2415,0.74
2020-12-31,0.0009,260.474,132.6900024,35.76549931,111.439,28.755,0.2524,1.68
2021-01-04,0.0009,261.582,129.4100037,34.8814026,111.439,28.755,0.2524,1.68
2021-01-05,0.0009,261.582,131.0099945,35.31266698,111.439,28.755,0.2524,1.68
2021-01-06,0.0009,261.582,126.5999985,34.12398881,111.439,28.755,0.2524,1.68
2021-01-07,0.0009,261.582,130.9199982,35.28840921,111.439,28.755,0.2524,1.68
2021-01-08,0.0009,261.582,132.0500031,35.59299274,111.439,28.755,0.2524,1.68
2021-01-11,0.0009,261.582,128.9799957,34.7654975,111.439,28.755,0.2524,1.68
2021-01-12,0.0009,261.582,128.8000031,34.71698195,111.439,28.755,0.2524,1.68
2021-01-13,0.0009,261.582,130.8899994,35.28032329,111.439,28.755,0.2524,1.68
2021-01-14,0.0009,261.582,128.9100037,34.74663171,111.439,28.755,0.2524,1.68
2021-01-15,0.0009,261.582,127.1399994,34.26954161,111.439,28.755,0.2524,1.68
2021-01-19,0.0009,261.582,127.8300018,34.4555261,111.439,28.755,0.2524,1.68
2021-01-20,0.0009,261.582,132.0299988,35.58760075,111.439,28.755,0.2524,1.68
2021-01-21,0.0008,261.582,136.8699951,36.89218197,111.439,28.755,0.2524,1.68
2021-01-22,0.0008,261.582,139.0700073,37.48517718,111.439,28.755,0.2524,1.68
2021-01-25,0.0008,261.582,142.9199982,38.52291056,111.439,28.755,0.2524,1.68
2021-01-26,0.0008,261.582,143.1600037,38.58760207,111.439,28.755,0.2524,1.68
2021-01-27,0.0008,261.582,142.0599976,38.29110446,111.439,28.755,0.2524,1.68
2021-01-28,0.0007,261.582,137.0899963,36.95148149,111.439,28.755,0.2524,1.68
2021-01-29,0.0007,261.582,131.9600067,35.56873496,111.439,28.755,0.2524,1.68
2021-02-01,0.0008,263.014,134.1399994,36.15633407,111.439,28.755,0.2524,1.68
2021-02-02,0.0008,263.014,134.9900055,36.38544622,111.439,28.755,0.2524,1.68
2021-02-03,0.0008,263.014,133.9400024,36.10242653,111.439,28.755,0.2524,1.68
2021-02-04,0.0008,263.014,137.3899994,37.03234485,111.439,28.755,0.2524,1.68
2021-02-05,0.0008,263.014,136.7599945,36.86253221,111.439,28.755,0.2524,1.68
2021-02-08,0.0007,263.014,136.9100037,36.90296595,111.439,28.755,0.2524,1.68
2021-02-09,0.0008,263.014,136.0099945,36.66037588,111.439,28.755,0.2524,1.68
2021-02-10,0.0008,263.014,135.3899994,36.49326129,111.439,28.755,0.2524,1.68
2021-02-11,0.0008,263.014,135.1300049,36.42318191,111.439,28.755,0.2524,1.68
2021-02-12,0.0008,263.014,135.3699951,36.4878693,111.439,28.755,0.2524,1.68
2021-02-16,0.0008,263.014,133.1900024,35.9002702,111.439,28.755,0.2524,1.68
2021-02-17,0.0008,263.014,130.8399963,35.26684537,111.439,28.755,0.2524,1.68
2021-02-18,0.0007,263.014,129.7100067,34.96226596,111.439,28.755,0.2524,1.68
2021-02-19,0.0007,263.014,129.8699951,35.00538952,111.439,28.755,0.2524,1.68
2021-02-22,0.0007,263.014,126.0,33.96226415,111.439,28.755,0.2524,1.68
2021-02-23,0.0007,263.014,125.8600006,33.92452847,111.439,28.755,0.2524,1.68
2021-02-24,0.0007,263.014,125.3499985,33.78706158,111.439,28.755,0.2524,1.68
2021-02-25,0.0007,263.014,120.9899979,32.61185926,111.439,28.755,0.2524,1.68
2021-02-26,0.0007,263.014,121.2600021,32.68463669,111.439,28.755,0.2524,1.68
2021-03-01,0.0007,264.877,127.7900009,34.44474418,111.439,28.755,0.2524,1.68
2021-03-02,0.0007,264.877,125.1200027,33.72506813,111.439,28.755,0.2524,1.68
2021-03-03,0.0007,264.877,122.0599976,32.90026888,111.439,28.755,0.2524,1.68
2021-03-04,0.0007,264.877,120.1299973,32.38005317,111.439,28.755,0.2524,1.68
2021-03-05,0.0007,264.877,121.4199982,32.72776231,111.439,28.755,0.2524,1.68
2021-03-08,0.0007,264.877,116.3600006,31.36388157,111.439,28.755,0.2524,1.68
2021-03-09,0.0007,264.877,121.0899963,32.63881303,111.439,28.755,0.2524,1.68
2021-03-10,0.0007,264.877,119.9800034,32.33962355,111.439,28.755,0.2524,1.68
2021-03-11,0.0007,264.877,121.9599991,32.87331512,111.439,28.755,0.2524,1.68
2021-03-12,0.0007,264.877,121.0299988,32.62264118,111.439,28.755,0.2524,1.68
2021-03-15,0.0007,264.877,123.9899979,33.4204846,111.439,28.755,0.2524,1.68
2021-03-16,0.0007,264.877,125.5699997,33.8463611,111.439,28.755,0.2524,1.68
2021-03-17,0.0007,264.877,124.7600021,33.62803292,111.439,28.755,0.2524,1.68
2021-03-18,0.0007,264.877,120.5299988,32.48787029,111.439,28.755,0.2524,1.68
2021-03-19,0.0007,264.877,119.9899979,32.34231748,111.439,28.755,0.2524,1.68
2021-03-22,0.0007,264.877,123.3899994,33.25875994,111.439,28.755,0.2524,1.68
2021-03-23,0.0007,264.877,122.5400009,33.02964984,111.439,28.755,0.2524,1.68
2021-03-24,0.0007,264.877,120.0899963,32.36927125,111.439,28.755,0.2524,1.68
2021-03-25,0.0007,264.877,120.5899963,32.50404214,111.439,28.755,0.2524,1.68
2021-03-26,0.0007,264.877,121.2099991,32.67115878,111.439,28.755,0.2524,1.68
2021-03-29,0.0007,264.877,121.3899994,32.71967639,111.439,28.755,0.2524,1.68
2021-03-30,0.0007,264.877,119.9000015,32.31805971,111.439,28.755,0.2524,1.68
2021-03-31,0.0006,264.877,122.1500015,27.32662227,89.584,23.63,0.2732,1.4
2021-04-01,0.0007,267.054,123.0,27.51677852,89.584,23.63,0.2732,1.4
2021-04-05,0.0007,267.054,125.9000015,28.16554844,89.584,23.63,0.2732,1.4
2021-04-06,0.0007,267.054,126.2099991,28.23489912,89.584,23.63,0.2732,1.4
2021-04-07,0.0007,267.054,127.9000015,28.61297573,89.584,23.63,0.2732,1.4
2021-04-08,0.0007,267.054,130.3600006,29.1633111,89.584,23.63,0.2732,1.4
2021-04-09,0.0007,267.054,133.0,29.75391499,89.584,23.63,0.2732,1.4
2021-04-12,0.0007,267.054,131.2400055,29.3601802,89.584,23.63,0.2732,1.4
2021-04-13,0.0007,267.054,134.4299927,30.07382386,89.584,23.63,0.2732,1.4
2021-04-14,0.0007,267.054,132.0299988,29.53691248,89.584,23.63,0.2732,1.4
2021-04-15,0.0007,267.054,134.5,30.08948546,89.584,23.63,0.2732,1.4
2021-04-16,0.0007,267.054,134.1600037,30.01342364,89.584,23.63,0.2732,1.4
2021-04-19,0.0007,267.054,134.8399963,30.16554728,89.584,23.63,0.2732,1.4
2021-04-20,0.0007,267.054,133.1100006,29.77852363,89.584,23.63,0.2732,1.4
2021-04-21,0.0007,267.054,133.5,29.86577181,89.584,23.63,0.2732,1.4
2021-04-22,0.0007,267.054,131.9400024,29.51677907,89.584,23.63,0.2732,1.4
2021-04-23,0.0007,267.054,134.3200073,30.04921864,89.584,23.63,0.2732,1.4
2021-04-26,0.0007,267.054,134.7200012,30.13870273,89.584,23.63,0.2732,1.4
2021-04-27,0.0007,267.054,134.3899994,30.06487682,89.584,23.63,0.2732,1.4
2021-04-28,0.0007,267.054,133.5800018,29.88366931,89.584,23.63,0.2732,1.4
2021-04-29,0.0006,267.054,133.4799957,29.86129658,89.584,23.63,0.2732,1.4
2021-04-30,0.0005,267.054,131.4600067,29.40939748,89.584,23.63,0.2732,1.4
2021-05-03,0.0006,269.195,132.5399933,29.65100521,89.584,23.63,0.2732,1.4
2021-05-04,0.0006,269.195,127.8499985,28.60178937,89.584,23.63,0.2732,1.4
2021-05-05,0.0006,269.195,128.1000061,28.65771949,89.584,23.63,0.2732,1.4
2021-05-06,0.0006,269.195,129.7400055,29.02460973,89.584,23.63,0.2732,1.4
2021-05-07,0.0006,269.195,130.2100067,29.12975542,89.584,23.63,0.2732,1.4
2021-05-10,0.0006,269.195,126.8499985,28.37807572,89.584,23.63,0.2732,1.4
2021-05-11,0.0006,269.195,125.9100037,28.16778605,89.584,23.63,0.2732,1.4
2021-05-12,0.0006,269.195,122.7699966,27.46532363,89.584,23.63,0.2732,1.4
2021-05-13,0.0006,269.195,124.9700012,27.95749468,89.584,23.63,0.2732,1.4
2021-05-14,0.0006,269.195,127.4499969,28.51230357,89.584,23.63,0.2732,1.4
2021-05-17,0.0006,269.195,126.2699966,28.2483214,89.584,23.63,0.2732,1.4
2021-05-18,0.0006,269.195,124.8499985,27.93064843,89.584,23.63,0.2732,1.4
2021-05-19,0.0006,269.195,124.6900024,27.89485513,89.584,23.63,0.2732,1.4
2021-05-20,0.0006,269.195,127.3099976,28.48098379,89.584,23.63,0.2732,1.4
2021-05-21,0.0006,269.195,125.4300003,28.06040275,89.584,23.63,0.2732,1.4
2021-05-24,0.0006,269.195,127.0999985,28.43400413,89.584,23.63,0.2732,1.4
2021-05-25,0.0006,269.195,126.9000015,28.38926209,89.584,23.63,0.2732,1.4
2021-05-26,0.0006,269.195,126.8499985,28.37807572,89.584,23.63,0.2732,1.4
2021-05-27,0.0006,269.195,125.2799988,28.02684536,89.584,23.63,0.2732,1.4
2021-05-28,0.0005,269.195,124.6100006,27.87695763,89.584,23.63,0.2732,1.4
2021-06-01,0.0006,271.696,124.2799988,27.80313172,89.584,23.63,0.2732,1.4
2021-06-02,0.0006,271.696,125.0599976,27.97762809,89.584,23.63,0.2732,1.4
2021-06-03,0.0006,271.696,123.5400009,27.6375841,89.584,23.63,0.2732,1.4
2021-06-04,0.0006,271.696,125.8899994,28.16331083,89.584,23.63,0.2732,1.4
2021-06-07,0.0006,271.696,125.9000015,28.16554844,89.584,23.63,0.2732,1.4
2021-06-08,0.0006,271.696,126.7399979,28.35346708,89.584,23.63,0.2732,1.4
2021-06-09,0.0006,271.696,127.1299973,28.44071527,89.584,23.63,0.2732,1.4
2021-06-10,0.0006,271.696,126.1100006,28.2125281,89.584,23.63,0.2732,1.4
2021-06-11,0.0006,271.696,127.3499985,28.48993254,89.584,23.63,0.2732,1.4
2021-06-14,0.0006,271.696,130.4799957,29.19015564,89.584,23.63,0.2732,1.4
2021-06-15,0.0006,271.696,129.6399994,29.002237,89.584,23.63,0.2732,1.4
2021-06-16,0.0006,271.696,130.1499939,29.11632973,89.584,23.63,0.2732,1.4
2021-06-17,0.001,271.696,131.7899933,29.48321997,89.584,23.63,0.2732,1.4
2021-06-18,0.001,271.696,130.4600067,29.18568383,89.584,23.63,0.2732,1.4
2021-06-21,0.001,271.696,132.3000031,29.59731612,89.584,23.63,0.2732,1.4
2021-06-22,0.001,271.696,133.9799957,29.97315341,89.584,23.63,0.2732,1.4
2021-06-23,0.001,271.696,133.6999969,29.91051386,89.584,23.63,0.2732,1.4
2021-06-24,0.001,271.696,133.4100037,29.8456384,89.584,23.63,0.2732,1.4
2021-06-25,0.001,271.696,133.1100006,29.77852363,89.584,23.63,0.2732,1.4
2021-06-28,0.001,271.696,134.7799988,30.15212501,89.584,23.63,0.2732,1.4
2021-06-29,0.001,271.696,136.3300018,30.49888184,89.584,23.63,0.2732,1.4
2021-06-30,0.0008,271.696,136.9600067,26.75000131,81.434,21.744,0.2879,1.3
2021-07-01,0.001,273.003,137.2700043,26.81054771,81.434,21.744,0.2879,1.3
2021-07-02,0.001,273.003,139.9600067,27.33593881,81.434,21.744,0.2879,1.3
2021-07-06,0.001,273.003,142.0200043,27.73828208,81.434,21.744,0.2879,1.3
2021-07-07,0.001,273.003,144.5700073,28.23632956,81.434,21.744,0.2879,1.3
2021-07-08,0.001,273.003,143.2400055,27.97656357,81.434,21.744,0.2879,1.3
2021-07-09,0.001,273.003,145.1100006,28.34179699,81.434,21.744,0.2879,1.3
2021-07-12,0.001,273.003,144.5,28.22265625,81.434,21.744,0.2879,1.3
2021-07-13,0.001,273.003,145.6399994,28.44531238,81.434,21.744,0.2879,1.3
2021-07-14,0.001,273.003,149.1499939,29.13085818,81.434,21.744,0.2879,1.3
2021-07-15,0.001,273.003,148.4799957,28.99999917,81.434,21.744,0.2879,1.3
2021-07-16,0.001,273.003,146.3899994,28.59179676,81.434,21.744,0.2879,1.3
2021-07-19,0.001,273.003,142.4499969,27.82226503,81.434,21.744,0.2879,1.3
2021-07-20,0.001,273.003,146.1499939,28.54492068,81.434,21.744,0.2879,1.3
2021-07-21,0.001,273.003,145.3999939,28.39843631,81.434,21.744,0.2879,1.3
2021-07-22,0.001,273.003,146.8000031,28.6718756,81.434,21.744,0.2879,1.3
2021-07-23,0.001,273.003,148.5599976,29.01562452,81.434,21.744,0.2879,1.3
2021-07-26,0.001,273.003,148.9900055,29.09961045,81.434,21.744,0.2879,1.3
2021-07-27,0.001,273.003,146.7700043,28.66601646,81.434,21.744,0.2879,1.3
2021-07-28,0.001,273.003,144.9799957,28.31640542,81.434,21.744,0.2879,1.3
2021-07-29,0.001,273.003,145.6399994,28.44531238,81.434,21.744,0.2879,1.3
2021-07-30,0.0007,273.003,145.8600006,28.48828137,81.434,21.744,0.2879,1.3
2021-08-02,0.001,273.567,145.5200043,28.42187583,81.434,21.744,0.2879,1.3
2021-08-03,0.001,273.567,147.3600006,28.78125012,81.434,21.744,0.2879,1.3
2021-08-04,0.001,273.567,146.9499969,28.70117128,81.434,21.744,0.2879,1.3
2021-08-05,0.001,273.567,147.0599976,28.72265577,81.434,21.744,0.2879,1.3
2021-08-06,0.001,273.567,146.1399994,28.54296863,81.434,21.744,0.2879,1.3
2021-08-09,0.001,273.567,146.0899963,28.53320241,81.434,21.744,0.2879,1.3
2021-08-10,0.001,273.567,145.6000061,28.43750119,81.434,21.744,0.2879,1.3
2021-08-11,0.001,273.567,145.8600006,28.48828137,81.434,21.744,0.2879,1.3
2021-08-12,0.001,273.567,148.8899994,29.08007801,81.434,21.744,0.2879,1.3
2021-08-13,0.001,273.567,149.1000061,29.12109494,81.434,21.744,0.2879,1.3
2021-08-16,0.001,273.567,151.1199951,29.51562405,81.434,21.744,0.2879,1.3
2021-08-17,0.001,273.567,150.1900024,29.33398485,81.434,21.744,0.2879,1.3
2021-08-18,0.0009,273.567,146.3600006,28.58593762,81.434,21.744,0.2879,1.3
2021-08-19,0.0009,273.567,146.6999969,28.65234315,81.434,21.744,0.2879,1.3
2021-08-20,0.0009,273.567,148.1900024,28.94335985,81.434,21.744,0.2879,1.3
2021-08-23,0.0009,273.567,149.7100067,29.24023569,81.434,21.744,0.2879,1.3
2021-08-24,0.0009,273.567,149.6199951,29.2226553,81.434,21.744,0.2879,1.3
2021-08-25,0.0009,273.567,148.3600006,28.97656262,81.434,21.744,0.2879,1.3
2021-08-26,0.0009,273.567,147.5399933,28.81640494,81.434,21.744,0.2879,1.3
2021-08-27,0.0008,273.567,148.6000061,29.02343869,81.434,21.744,0.2879,1.3
2021-08-30,0.0008,273.567,153.1199951,29.90624905,81.434,21.744,0.2879,1.3
2021-08-31,0.0006,273.567,151.8300018,29.65429723,81.434,21.744,0.2879,1.3
2021-09-01,0.0008,274.31,152.5099945,29.7871083,81.434,21.744,0.2879,1.3
2021-09-02,0.0008,274.31,153.6499939,30.00976443,81.434,21.744,0.2879,1.3
2021-09-03,0.0008,274.31,154.3000031,30.13671935,81.434,21.744,0.2879,1.3
2021-09-07,0.0008,274.31,156.6900024,30.6035161,81.434,21.744,0.2879,1.3
2021-09-08,0.0008,274.31,155.1100006,30.29492199,81.434,21.744,0.2879,1.3
2021-09-09,0.0008,274.31,154.0700073,30.09179831,81.434,21.744,0.2879,1.3
2021-09-10,0.0008,274.31,148.9700012,29.09570336,81.434,21.744,0.2879,1.3
2021-09-13,0.0008,274.31,149.5500031,29.20898497,81.434,21.744,0.2879,1.3
2021-09-14,0.0008,274.31,148.1199951,28.92968655,81.434,21.744,0.2879,1.3
2021-09-15,0.0008,274.31,149.0299988,29.10742164,81.434,21.744,0.2879,1.3
2021-09-16,0.0008,274.31,148.7899933,29.06054556,81.434,21.744,0.2879,1.3
2021-09-17,0.0008,274.31,146.0599976,28.52734327,81.434,21.744,0.2879,1.3
2021-09-20,0.0008,274.31,142.9400024,27.91796923,81.434,21.744,0.2879,1.3
2021-09-21,0.0008,274.31,143.4299927,28.01367044,81.434,21.744,0.2879,1.3
2021-09-22,0.0008,274.31,145.8500061,28.48632932,81.434,21.744,0.2879,1.3
2021-09-23,0.0008,274.31,146.8300018,28.67773473,81.434,21.744,0.2879,1.3
2021-09-24,0.0008,274.31,146.9199982,28.69531214,81.434,21.744,0.2879,1.3
2021-09-27,0.0008,274.31,145.3699951,28.39257717,81.434,21.744,0.2879,1.3
2021-09-28,0.0008,274.31,141.9100037,27.71679759,81.434,21.744,0.2879,1.3
2021-09-29,0.0008,274.31,142.8300018,27.89648473,81.434,21.744,0.2879,1.3
2021-09-30,0.0006,274.31,141.5,25.2228164,83.36,20.551,0.2978,1.23
2021-10-01,0.0008,276.589,142.6499939,25.4278064,83.36,20.551,0.2978,1.23
2021-10-04,0.0008,276.589,139.1399994,24.80213893,83.36,20.551,0.2978,1.23
2021-10-05,0.0008,276.589,141.1100006,25.15329779,83.36,20.551,0.2978,1.23
2021-10-06,0.0008,276.589,142.0,25.31194296,83.36,20.551,0.2978,1.23
2021-10-07,0.0008,276.589,143.2899933,25.54188829,83.36,20.551,0.2978,1.23
2021-10-08,0.0008,276.589,142.8999939,25.47236968,83.36,20.551,0.2978,1.23
2021-10-11,0.0008,276.589,142.8099976,25.45632755,83.36,20.551,0.2978,1.23
2021-10-12,0.0008,276.589,141.5099945,25.22459795,83.36,20.551,0.2978,1.23
2021-10-13,0.0008,276.589,140.9100037,25.11764771,83.36,20.551,0.2978,1.23
2021-10-14,0.0008,276.589,143.7599945,25.62566747,83.36,20.551,0.2978,1.23
2021-10-15,0.0008,276.589,144.8399963,25.81818117,83.36,20.551,0.2978,1.23
2021-10-18,0.0008,276.589,146.5500031,26.1229952,83.36,20.551,0.2978,1.23
2021-10-19,0.0008,276.589,148.7599945,26.51693307,83.36,20.551,0.2978,1.23
2021-10-20,0.0008,276.589,149.2599945,26.60605963,83.36,20.551,0.2978,1.23
2021-10-21,0.0008,276.589,149.4799957,26.64527553,83.36,20.551,0.2978,1.23
2021-10-22,0.0008,276.589,148.6900024,26.50445676,83.36,20.551,0.2978,1.23
2021-10-25,0.0008,276.589,148.6399994,26.49554356,83.36,20.551,0.2978,1.23
2021-10-26,0.0008,276.589,149.3200073,26.6167571,83.36,20.551,0.2978,1.23
2021-10-27,0.0008,276.589,148.8500061,26.53297792,83.36,20.551,0.2978,1.23
2021-10-28,0.0008,276.589,152.5700073,27.19607974,83.36,20.551,0.2978,1.23
2021-10-29,0.0007,276.589,149.8000031,26.70231783,83.36,20.551,0.2978,1.23
2021-11-01,0.0008,277.948,148.9600067,26.55258587,83.36,20.551,0.2978,1.23
2021-11-02,0.0008,277.948,150.0200043,26.74153374,83.36,20.551,0.2978,1.23
2021-11-03,0.0008,277.948,151.4900055,27.00356604,83.36,20.551,0.2978,1.23
2021-11-04,0.0008,277.948,150.9600067,26.90909211,83.36,20.551,0.2978,1.23
2021-11-05,0.0008,277.948,151.2799988,26.96613169,83.36,20.551,0.2978,1.23
2021-11-08,0.0008,277.948,150.4400024,26.81639972,83.36,20.551,0.2978,1.23
2021-11-09,0.0008,277.948,150.8099976,26.88235251,83.36,20.551,0.2978,1.23
2021-11-10,0.0008,277.948,147.9199982,26.3672011,83.36,20.551,0.2978,1.23
2021-11-11,0.0008,277.948,147.8699951,26.3582879,83.36,20.551,0.2978,1.23
2021-11-12,0.0008,277.948,149.9900055,26.73618636,83.36,20.551,0.2978,1.23
2021-11-15,0.0008,277.948,150.0,26.73796791,83.36,20.551,0.2978,1.23
2021-11-16,0.0008,277.948,151.0,26.91622103,83.36,20.551,0.2978,1.23
2021-11-17,0.0008,277.948,153.4900055,27.36007228,83.36,20.551,0.2978,1.23
2021-11-18,0.0008,277.948,157.8699951,28.14081909,83.36,20.551,0.2978,1.23
2021-11-19,0.0008,277.948,160.5500031,28.61853887,83.36,20.551,0.2978,1.23
2021-11-22,0.0008,277.948,161.0200043,28.70231805,83.36,20.551,0.2978,1.23
2021-11-23,0.0008,277.948,161.4100037,28.77183666,83.36,20.551,0.2978,1.23
2021-11-24,0.0008,277.948,161.9400024,28.8663106,83.36,20.551,0.2978,1.23
2021-11-26,0.0008,277.948,156.8099976,27.95187122,83.36,20.551,0.2978,1.23
2021-11-29,0.0008,277.948,160.2400055,28.56328084,83.36,20.551,0.2978,1.23
2021-11-30,0.0007,277.948,165.3000031,29.46524119,83.36,20.551,0.2978,1.23
2021-12-01,0.0008,278.802,164.7700043,29.37076725,83.36,20.551,0.2978,1.23
2021-12-02,0.0008,278.802,163.7599945,29.19072986,83.36,20.551,0.2978,1.23
2021-12-03,0.0008,278.802,161.8399963,28.8484842,83.36,20.551,0.2978,1.23
2021-12-06,0.0008,278.802,165.3200073,29.46880701,83.36,20.551,0.2978,1.23
2021-12-07,0.0008,278.802,171.1799927,30.51336768,83.36,20.551,0.2978,1.23
2021-12-08,0.0008,278.802,175.0800018,31.20855648,83.36,20.551,0.2978,1.23
2021-12-09,0.0008,278.802,174.5599976,31.11586409,83.36,20.551,0.2978,1.23
2021-12-10,0.0008,278.802,179.4499969,31.98752174,83.36,20.551,0.2978,1.23
2021-12-13,0.0008,278.802,175.7400055,31.32620419,83.36,20.551,0.2978,1.23
2021-12-14,0.0008,278.802,174.3300018,31.07486664,83.36,20.551,0.2978,1.23
2021-12-15,0.0008,278.802,179.3000031,31.96078486,83.36,20.551,0.2978,1.23
2021-12-16,0.0008,278.802,172.2599945,30.70588137,83.36,20.551,0.2978,1.23
2021-12-17,0.0008,278.802,171.1399994,30.50623875,83.36,20.551,0.2978,1.23
2021-12-20,0.0008,278.802,169.75,30.25846702,83.36,20.551,0.2978,1.23
2021-12-21,0.0008,278.802,172.9900055,30.83600811,83.36,20.551,0.2978,1.23
2021-12-22,0.0008,278.802,175.6399994,31.30837779,83.36,20.551,0.2978,1.23
2021-12-23,0.0008,278.802,176.2799988,31.42245968,83.36,20.551,0.2978,1.23
2021-12-27,0.0008,278.802,180.3300018,32.14438535,83.36,20.551,0.2978,1.23
2021-12-28,0.0008,278.802,179.2899933,31.95900059,83.36,20.551,0.2978,1.23
2021-12-29,0.0008,278.802,179.3800049,31.97504543,83.36,20.551,0.2978,1.23
2021-12-30,0.0008,278.802,178.1999969,31.76470534,83.36,20.551,0.2978,1.23
2021-12-31,0.0007,278.802,177.5700073,29.44776241,123.945,34.63,0.309,2.1
2022-01-03,0.0008,281.148,182.0099945,30.18407869,123.945,34.63,0.309,2.1
2022-01-04,0.0008,281.148,179.6999969,29.80099452,123.945,34.63,0.309,2.1
2022-01-05,0.0008,281.148,174.9199982,29.00829157,123.945,34.63,0.309,2.1
2022-01-06,0.0008,281.148,172.0,28.52404643,123.945,34.63,0.309,2.1
2022-01-07,0.0008,281.148,172.1699982,28.5522385,123.945,34.63,0.309,2.1
2022-01-10,0.0008,281.148,172.1900024,28.55555596,123.945,34.63,0.309,2.1
2022-01-11,0.0008,281.148,175.0800018,29.03482617,123.945,34.63,0.309,2.1
2022-01-12,0.0008,281.148,175.5299988,29.10945253,123.945,34.63,0.309,2.1
2022-01-13,0.0008,281.148,172.1900024,28.55555596,123.945,34.63,0.309,2.1
2022-01-14,0.0008,281.148,173.0700073,28.70149375,123.945,34.63,0.309,2.1
2022-01-18,0.0008,281.148,169.8000031,28.15920449,123.945,34.63,0.309,2.1
2022-01-19,0.0008,281.148,166.2299957,27.56716347,123.945,34.63,0.309,2.1
2022-01-20,0.0008,281.148,164.5099945,27.2819228,123.945,34.63,0.309,2.1
2022-01-21,0.0008,281.148,162.4100037,26.93366562,123.945,34.63,0.309,2.1
2022-01-24,0.0008,281.148,161.6199951,26.80265259,123.945,34.63,0.309,2.1
2022-01-25,0.0008,281.148,159.7799988,26.49751224,123.945,34.63,0.309,2.1
2022-01-26,0.0008,281.148,159.6900024,26.48258747,123.945,34.63,0.309,2.1
2022-01-27,0.0008,281.148,159.2200012,26.40464365,123.945,34.63,0.309,2.1
2022-01-28,0.0008,281.148,170.3300018,28.24709815,123.945,34.63,0.309,2.1
2022-01-31,0.0008,281.148,174.7799988,28.98507442,123.945,34.63,0.309,2.1
2022-02-01,0.0008,283.716,174.6100006,28.95688236,123.945,34.63,0.309,2.1
2022-02-02,0.0008,283.716,175.8399963,29.16086175,123.945,34.63,0.309,2.1
2022-02-03,0.0008,283.716,172.8999939,28.67329915,123.945,34.63,0.309,2.1
2022-02-04,0.0008,283.716,172.3899994,28.58872295,123.945,34.63,0.309,2.1
2022-02-07,0.0008,283.716,171.6600037,28.4676623,123.945,34.63,0.309,2.1
2022-02-08,0.0008,283.716,174.8300018,28.9933668,123.945,34.63,0.309,2.1
2022-02-09,0.0008,283.716,176.2799988,29.23383064,123.945,34.63,0.309,2.1
2022-02-10,0.0008,283.716,172.1199951,28.54394612,123.945,34.63,0.309,2.1
2022-02-11,0.0008,283.716,168.6399994,27.9668324,123.945,34.63,0.309,2.1
2022-02-14,0.0008,283.716,168.8800049,28.00663431,123.945,34.63,0.309,2.1
2022-02-15,0.0008,283.716,172.7899933,28.65505693,123.945,34.63,0.309,2.1
2022-02-16,0.0008,283.716,172.5500031,28.61525755,123.945,34.63,0.309,2.1
2022-02-17,0.0008,283.716,168.8800049,28.00663431,123.945,34.63,0.309,2.1
2022-02-18,0.0008,283.716,167.3000031,27.74461079,123.945,34.63,0.309,2.1
2022-02-22,0.0008,283.716,164.3200073,27.25041581,123.945,34.63,0.309,2.1
2022-02-23,0.0008,283.716,160.0700073,26.54560652,123.945,34.63,0.309,2.1
2022-02-24,0.0008,283.716,162.7400055,26.98839229,123.945,34.63,0.309,2.1
2022-02-25,0.0008,283.716,164.8500061,27.33830947,123.945,34.63,0.309,2.1
2022-02-28,0.0008,283.716,165.1199951,27.38308377,123.945,34.63,0.309,2.1
2022-03-01,0.0008,287.504,163.1999969,27.06467611,123.945,34.63,0.309,2.1
2022-03-02,0.0008,287.504,166.5599976,27.62189014,123.945,34.63,0.309,2.1
2022-03-03,0.0008,287.504,166.2299957,27.56716347,123.945,34.63,0.309,2.1
2022-03-04,0.0008,287.504,163.1699982,27.05970119,123.945,34.63,0.309,2.1
2022-03-07,0.0008,287.504,159.3000031,26.41791095,123.945,34.63,0.309,2.1
2022-03-08,0.0008,287.504,157.4400024,26.10945314,123.945,34.63,0.309,2.1
2022-03-09,0.0008,287.504,162.9499969,27.02321674,123.945,34.63,0.309,2.1
2022-03-10,0.0008,287.504,158.5200043,26.28855792,123.945,34.63,0.309,2.1
2022-03-11,0.0008,287.504,154.7299957,25.66003246,123.945,34.63,0.309,2.1
2022-03-14,0.0008,287.504,150.6199951,24.97844032,123.945,34.63,0.309,2.1
2022-03-15,0.0008,287.504,155.0899963,25.71973405,123.945,34.63,0.309,2.1
2022-03-16,0.0008,287.504,159.5899963,26.46600271,123.945,34.63,0.309,2.1
2022-03-17,0.0033,287.504,160.6199951,26.63681511,123.945,34.63,0.309,2.1
2022-03-18,0.0033,287.504,163.9799957,27.19402914,123.945,34.63,0.309,2.1
2022-03-21,0.0033,287.504,165.3800049,27.42620313,123.945,34.63,0.309,2.1
2022-03-22,0.0033,287.504,168.8200073,27.99668447,123.945,34.63,0.309,2.1
2022-03-23,0.0033,287.504,170.2100067,28.22719846,123.945,34.63,0.309,2.1
2022-03-24,0.0033,287.504,174.0700073,28.86733123,123.945,34.63,0.309,2.1
2022-03-25,0.0033,287.504,174.7200012,28.97512458,123.945,34.63,0.309,2.1
2022-03-28,0.0033,287.504,175.6000061,29.12106237,123.945,34.63,0.309,2.1
2022-03-29,0.0033,287.504,178.9600067,29.6782764,123.945,34.63,0.309,2.1
2022-03-30,0.0033,287.504,177.7700043,29.4809294,123.945,34.63,0.309,2.1
2022-03-31,0.0033,287.504,174.6100006,28.39187002,97.278,25.01,0.3093,1.52
2022-04-01,0.0033,289.109,174.3099976,28.34308903,97.278,25.01,0.3093,1.52
2022-04-04,0.0033,289.109,178.4400024,29.01463454,97.278,25.01,0.3093,1.52
2022-04-05,0.0033,289.109,175.0599976,28.46504025,97.278,25.01,0.3093,1.52
2022-04-06,0.0033,289.109,171.8300018,27.9398377,97.278,25.01,0.3093,1.52
2022-04-07,0.0033,289.109,172.1399994,27.9902438,97.278,25.01,0.3093,1.52
2022-04-08,0.0033,289.109,170.0899963,27.65690997,97.278,25.01,0.3093,1.52
2022-04-11,0.0033,289.109,165.75,26.95121951,97.278,25.01,0.3093,1.52
2022-04-12,0.0033,289.109,167.6600037,27.26178921,97.278,25.01,0.3093,1.52
2022-04-13,0.0033,289.109,170.3999939,27.70731608,97.278,25.01,0.3093,1.52
2022-04-14,0.0033,289.109,165.2899933,26.87642167,97.278,25.01,0.3093,1.52
2022-04-18,0.0033,289.109,165.0700073,26.8406516,97.278,25.01,0.3093,1.52
2022-04-19,0.0033,289.109,167.3999939,27.2195112,97.278,25.01,0.3093,1.52
2022-04-20,0.0033,289.109,167.2299957,27.19186922,97.278,25.01,0.3093,1.52
2022-04-21,0.0033,289.109,166.4199982,27.0601623,97.278,25.01,0.3093,1.52
2022-04-22,0.0033,289.109,161.7899933,26.30731598,97.278,25.01,0.3093,1.52
2022-04-25,0.0033,289.109,162.8800049,26.48455364,97.278,25.01,0.3093,1.52
2022-04-26,0.0033,289.109,156.8000031,25.49593546,97.278,25.01,0.3093,1.52
2022-04-27,0.0033,289.109,156.5700073,25.45853778,97.278,25.01,0.3093,1.52
2022-04-28,0.0033,289.109,163.6399994,26.60812998,97.278,25.01,0.3093,1.52
2022-04-29,0.0033,289.109,157.6499939,25.63414535,97.278,25.01,0.3093,1.52
2022-05-02,0.0033,292.296,157.9600067,25.68455394,97.278,25.01,0.3093,1.52
2022-05-03,0.0033,292.296,159.4799957,25.93170662,97.278,25.01,0.3093,1.52
2022-05-04,0.0033,292.296,166.0200043,26.99512265,97.278,25.01,0.3093,1.52
2022-05-05,0.0083,292.296,156.7700043,25.49105761,97.278,25.01,0.3093,1.52
2022-05-06,0.0083,292.296,157.2799988,25.57398354,97.278,25.01,0.3093,1.52
2022-05-09,0.0083,292.296,152.0599976,24.72520286,97.278,25.01,0.3093,1.52
2022-05-10,0.0083,292.296,154.5099945,25.12357634,97.278,25.01,0.3093,1.52
2022-05-11,0.0083,292.296,146.5,23.82113821,97.278,25.01,0.3093,1.52
2022-05-12,0.0083,292.296,142.5599976,23.18048741,97.278,25.01,0.3093,1.52
2022-05-13,0.0083,292.296,147.1100006,23.9203253,97.278,25.01,0.3093,1.52
2022-05-16,0.0083,292.296,145.5399933,23.66503956,97.278,25.01,0.3093,1.52
2022-05-17,0.0083,292.296,149.2400055,24.26666756,97.278,25.01,0.3093,1.52
2022-05-18,0.0083,292.296,140.8200073,22.89756217,97.278,25.01,0.3093,1.52
2022-05-19,0.0083,292.296,137.3500061,22.33333433,97.278,25.01,0.3093,1.52
2022-05-20,0.0083,292.296,137.5899963,22.37235713,97.278,25.01,0.3093,1.52
2022-05-23,0.0083,292.296,143.1100006,23.2699188,97.278,25.01,0.3093,1.52
2022-05-24,0.0083,292.296,140.3600006,22.82276433,97.278,25.01,0.3093,1.52
2022-05-25,0.0083,292.296,140.5200043,22.84878118,97.278,25.01,0.3093,1.52
2022-05-26,0.0083,292.296,143.7799988,23.37886159,97.278,25.01,0.3093,1.52
2022-05-27,0.0083,292.296,149.6399994,24.33170722,97.278,25.01,0.3093,1.52
2022-05-31,0.0083,292.296,148.8399963,24.20162542,97.278,25.01,0.3093,1.52
2022-06-01,0.0083,296.311,148.7100067,24.1804889,97.278,25.01,0.3093,1.52
2022-06-02,0.0083,296.311,151.2100067,24.58699296,97.278,25.01,0.3093,1.52
2022-06-03,0.0083,296.311,145.3800049,23.63902518,97.278,25.01,0.3093,1.52
2022-06-06,0.0083,296.311,146.1399994,23.76260153,97.278,25.01,0.3093,1.52
2022-06-07,0.0083,296.311,148.7100067,24.1804889,97.278,25.01,0.3093,1.52
2022-06-08,0.0083,296.311,147.9600067,24.05853768,97.278,25.01,0.3093,1.52
2022-06-09,0.0083,296.311,142.6399994,23.19349584,97.278,25.01,0.3093,1.52
2022-06-10,0.0083,296.311,137.1300049,22.29756177,97.278,25.01,0.3093,1.52
2022-06-13,0.0083,296.311,131.8800049,21.44390323,97.278,25.01,0.3093,1.52
2022-06-14,0.0083,296.311,132.7599945,21.58699098,97.278,25.01,0.3093,1.52
2022-06-15,0.0083,296.311,135.4299927,22.02113702,97.278,25.01,0.3093,1.52
2022-06-16,0.0158,296.311,130.0599976,21.14796708,97.278,25.01,0.3093,1.52
2022-06-17,0.0158,296.311,131.5599976,21.39186952,97.278,25.01,0.3093,1.52
2022-06-21,0.0158,296.311,135.8699951,22.09268213,97.278,25.01,0.3093,1.52
2022-06-22,0.0158,296.311,135.3500061,22.00813107,97.278,25.01,0.3093,1.52
2022-06-23,0.0158,296.311,138.2700043,22.48292752,97.278,25.01,0.3093,1.52
2022-06-24,0.0158,296.311,141.6600037,23.03414694,97.278,25.01,0.3093,1.52
2022-06-27,0.0158,296.311,141.6600037,23.03414694,97.278,25.01,0.3093,1.52
2022-06-28,0.0158,296.311,137.4400024,22.34796788,97.278,25.01,0.3093,1.52
2022-06-29,0.0158,296.311,139.2299957,22.6390237,97.278,25.01,0.3093,1.52
2022-06-30,0.0158,296.311,136.7200012,22.59834731,82.959,19.442,0.3053,1.2
2022-07-01,0.0158,296.276,138.9299927,22.96363515,82.959,19.442,0.3053,1.2
2022-07-05,0.0158,296.276,141.5599976,23.3983467,82.959,19.442,0.3053,1.2
2022-07-06,0.0158,296.276,142.9199982,23.62314019,82.959,19.442,0.3053,1.2
2022-07-07,0.0158,296.276,146.3500061,24.19008365,82.959,19.442,0.3053,1.2
2022-07-08,0.0158,296.276,147.0399933,24.30413112,82.959,19.442,0.3053,1.2
2022-07-11,0.0158,296.276,144.8699951,23.94545374,82.959,19.442,0.3053,1.2
2022-07-12,0.0158,296.276,145.8600006,24.10909101,82.959,19.442,0.3053,1.2
2022-07-13,0.0158,296.276,145.4900055,24.04793479,82.959,19.442,0.3053,1.2
2022-07-14,0.0158,296.276,148.4700012,24.54049607,82.959,19.442,0.3053,1.2
2022-07-15,0.0158,296.276,150.1699982,24.8214873,82.959,19.442,0.3053,1.2
2022-07-18,0.0158,296.276,147.0700073,24.30909212,82.959,19.442,0.3053,1.2
2022-07-19,0.0158,296.276,151.0,24.95867769,82.959,19.442,0.3053,1.2
2022-07-20,0.0158,296.276,153.0399933,25.29586666,82.959,19.442,0.3053,1.2
2022-07-21,0.0158,296.276,155.3500061,25.67768696,82.959,19.442,0.3053,1.2
2022-07-22,0.0158,296.276,154.0899963,25.46942088,82.959,19.442,0.3053,1.2
2022-07-25,0.0158,296.276,152.9499969,25.28099123,82.959,19.442,0.3053,1.2
2022-07-26,0.0158,296.276,151.6000061,25.05785225,82.959,19.442,0.3053,1.2
2022-07-27,0.0158,296.276,156.7899933,25.91570137,82.959,19.442,0.3053,1.2
2022-07-28,0.0233,296.276,157.3500061,26.00826547,82.959,19.442,0.3053,1.2
2022-07-29,0.0232,296.276,162.5099945,26.86115612,82.959,19.442,0.3053,1.2
2022-08-01,0.0233,296.171,161.5099945,26.69586686,82.959,19.442,0.3053,1.2
2022-08-02,0.0233,296.171,160.0099945,26.44793298,82.959,19.442,0.3053,1.2
2022-08-03,0.0233,296.171,166.1300049,27.45950494,82.959,19.442,0.3053,1.2
2022-08-04,0.0233,296.171,165.8099976,27.40661117,82.959,19.442,0.3053,1.2
2022-08-05,0.0233,296.171,165.3500061,27.33057952,82.959,19.442,0.3053,1.2
2022-08-08,0.0233,296.171,164.8699951,27.25123886,82.959,19.442,0.3053,1.2
2022-08-09,0.0233,296.171,164.9199982,27.25950383,82.959,19.442,0.3053,1.2
2022-08-10,0.0233,296.171,169.2400055,27.97355463,82.959,19.442,0.3053,1.2
2022-08-11,0.0233,296.171,168.4900055,27.84958768,82.959,19.442,0.3053,1.2
2022-08-12,0.0233,296.171,172.1000061,28.446282,82.959,19.442,0.3053,1.2
2022-08-15,0.0233,296.171,173.1900024,28.62644668,82.959,19.442,0.3053,1.2
2022-08-16,0.0233,296.171,173.0299988,28.5999998,82.959,19.442,0.3053,1.2
2022-08-17,0.0233,296.171,174.5500031,28.85124017,82.959,19.442,0.3053,1.2
2022-08-18,0.0233,296.171,174.1499939,28.78512296,82.959,19.442,0.3053,1.2
2022-08-19,0.0233,296.171,171.5200043,28.35041393,82.959,19.442,0.3053,1.2
2022-08-22,0.0233,296.171,167.5700073,27.69752187,82.959,19.442,0.3053,1.2
2022-08-23,0.0233,296.171,167.2299957,27.64132161,82.959,19.442,0.3053,1.2
2022-08-24,0.0233,296.171,167.5299988,27.69090889,82.959,19.442,0.3053,1.2
2022-08-25,0.0233,296.171,170.0299988,28.10413203,82.959,19.442,0.3053,1.2
2022-08-26,0.0233,296.171,163.6199951,27.04462729,82.959,19.442,0.3053,1.2
2022-08-29,0.0233,296.171,161.3800049,26.67438097,82.959,19.442,0.3053,1.2
2022-08-30,0.0233,296.171,158.9100037,26.26611631,82.959,19.442,0.3053,1.2
2022-08-31,0.0233,296.171,157.2200012,25.98677706,82.959,19.442,0.3053,1.2
2022-09-01,0.0233,296.808,157.9600067,26.10909202,82.959,19.442,0.3053,1.2
2022-09-02,0.0233,296.808,155.8099976,25.7537186,82.959,19.442,0.3053,1.2
2022-09-06,0.0233,296.808,154.5299988,25.54214856,82.959,19.442,0.3053,1.2
2022-09-07,0.0233,296.808,155.9600067,25.77851351,82.959,19.442,0.3053,1.2
2022-09-08,0.0233,296.808,154.4600067,25.53057962,82.959,19.442,0.3053,1.2
2022-09-09,0.0233,296.808,157.3699951,26.01156944,82.959,19.442,0.3053,1.2
2022-09-12,0.0233,296.808,163.4299927,27.01322193,82.959,19.442,0.3053,1.2
2022-09-13,0.0233,296.808,153.8399963,25.42809857,82.959,19.442,0.3053,1.2
2022-09-14,0.0233,296.808,155.3099976,25.67107398,82.959,19.442,0.3053,1.2
2022-09-15,0.0233,296.808,152.3699951,25.18512316,82.959,19.442,0.3053,1.2
2022-09-16,0.0233,296.808,150.6999969,24.9090904,82.959,19.442,0.3053,1.2
2022-09-19,0.0233,296.808,154.4799957,25.53388359,82.959,19.442,0.3053,1.2
2022-09-20,0.0233,296.808,156.8999939,25.93388329,82.959,19.442,0.3053,1.2
2022-09-21,0.0233,296.808,153.7200012,25.40826466,82.959,19.442,0.3053,1.2
2022-09-22,0.0308,296.808,152.7400055,25.2462819,82.959,19.442,0.3053,1.2
2022-09-23,0.0308,296.808,150.4299927,24.8644616,82.959,19.442,0.3053,1.2
2022-09-26,0.0308,296.808,150.7700043,24.92066186,82.959,19.442,0.3053,1.2
2022-09-27,0.0308,296.808,151.7599945,25.08429661,82.959,19.442,0.3053,1.2
2022-09-28,0.0308,296.808,149.8399963,24.76694154,82.959,19.442,0.3053,1.2
2022-09-29,0.0308,296.808,142.4799957,23.55041252,82.959,19.442,0.3053,1.2
2022-09-30,0.0308,296.808,138.1999969,22.61865744,90.146,20.721,0.3029,1.29
2022-10-03,0.0308,298.012,142.4499969,23.31423845,90.146,20.721,0.3029,1.29
2022-10-04,0.0308,298.012,146.1000061,23.91162129,90.146,20.721,0.3029,1.29
2022-10-05,0.0308,298.012,146.3999939,23.96071913,90.146,20.721,0.3029,1.29
2022-10-06,0.0308,298.012,145.4299927,23.80196279,90.146,20.721,0.3029,1.29
2022-10-07,0.0308,298.012,140.0899963,22.92798631,90.146,20.721,0.3029,1.29
2022-10-10,0.0308,298.012,140.4199982,22.98199643,90.146,20.721,0.3029,1.29
2022-10-11,0.0308,298.012,138.9799957,22.74631681,90.146,20.721,0.3029,1.29
2022-10-12,0.0308,298.012,138.3399963,22.6415706,90.146,20.721,0.3029,1.29
2022-10-13,0.0308,298.012,142.9900055,23.40261956,90.146,20.721,0.3029,1.29
2022-10-14,0.0308,298.012,138.3800049,22.64811864,90.146,20.721,0.3029,1.29
2022-10-17,0.0308,298.012,142.4100037,23.30769291,90.146,20.721,0.3029,1.29
2022-10-18,0.0308,298.012,143.75,23.52700491,90.146,20.721,0.3029,1.29
2022-10-19,0.0308,298.012,143.8600006,23.54500828,90.146,20.721,0.3029,1.29
2022-10-20,0.0308,298.012,143.3899994,23.46808501,90.146,20.721,0.3029,1.29
2022-10-21,0.0308,298.012,147.2700043,24.10311036,90.146,20.721,0.3029,1.29
2022-10-24,0.0308,298.012,149.4499969,24.4599013,90.146,20.721,0.3029,1.29
2022-10-25,0.0308,298.012,152.3399963,24.93289629,90.146,20.721,0.3029,1.29
2022-10-26,0.0308,298.012,149.3500061,24.44353619,90.146,20.721,0.3029,1.29
2022-10-27,0.0308,298.012,144.8000031,23.69885484,90.146,20.721,0.3029,1.29
2022-10-28,0.0308,298.012,155.7400055,25.4893626,90.146,20.721,0.3029,1.29
2022-10-31,0.0308,298.012,153.3399963,25.09656241,90.146,20.721,0.3029,1.29
2022-11-01,0.0308,297.711,150.6499939,24.65630015,90.146,20.721,0.3029,1.29
2022-11-02,0.0308,297.711,145.0299988,23.73649735,90.146,20.721,0.3029,1.29
2022-11-03,0.0383,297.711,138.8800049,22.7299517,90.146,20.721,0.3029,1.29
2022-11-04,0.0383,297.711,138.3800049,22.64811864,90.146,20.721,0.3029,1.29
2022-11-07,0.0383,297.711,138.9199982,22.73649725,90.146,20.721,0.3029,1.29
2022-11-08,0.0383,297.711,139.5,22.8314239,90.146,20.721,0.3029,1.29
2022-11-09,0.0383,297.711,134.8699951,22.07364896,90.146,20.721,0.3029,1.29
2022-11-10,0.0383,297.711,146.8699951,24.03764241,90.146,20.721,0.3029,1.29
2022-11-11,0.0383,297.711,149.6999969,24.50081783,90.146,20.721,0.3029,1.29
2022-11-14,0.0383,297.711,148.2799988,24.26841224,90.146,20.721,0.3029,1.29
2022-11-15,0.0383,297.711,150.0399933,24.55646371,90.146,20.721,0.3029,1.29
2022-11-16,0.0383,297.711,148.7899933,24.35188106,90.146,20.721,0.3029,1.29
2022-11-17,0.0383,297.711,150.7200012,24.66775797,90.146,20.721,0.3029,1.29
2022-11-18,0.0383,297.711,151.2899933,24.76104636,90.146,20.721,0.3029,1.29
2022-11-21,0.0383,297.711,148.0099945,24.22422169,90.146,20.721,0.3029,1.29
2022-11-22,0.0383,297.711,150.1799927,24.57937687,90.146,20.721,0.3029,1.29
2022-11-23,0.0383,297.711,151.0700073,24.72504212,90.146,20.721,0.3029,1.29
2022-11-25,0.0383,297.711,148.1100006,24.2405893,90.146,20.721,0.3029,1.29
2022-11-28,0.0383,297.711,144.2200012,23.60392819,90.146,20.721,0.3029,1.29
2022-11-29,0.0383,297.711,141.1699982,23.10474602,90.146,20.721,0.3029,1.29
2022-11-30,0.0383,297.711,148.0299988,24.22749571,90.146,20.721,0.3029,1.29
2022-12-01,0.0383,296.797,148.3099976,24.27332202,90.146,20.721,0.3029,1.29
2022-12-02,0.0383,296.797,147.8099976,24.19148896,90.146,20.721,0.3029,1.29
2022-12-05,0.0383,296.797,146.6300049,23.99836414,90.146,20.721,0.3029,1.29
2022-12-06,0.0383,296.797,142.9100037,23.38952597,90.146,20.721,0.3029,1.29
2022-12-07,0.0383,296.797,140.9400024,23.06710351,90.146,20.721,0.3029,1.29
2022-12-08,0.0383,296.797,142.6499939,23.34697118,90.146,20.721,0.3029,1.29
2022-12-09,0.0383,296.797,142.1600037,23.26677638,90.146,20.721,0.3029,1.29
2022-12-12,0.0383,296.797,144.4900055,23.64811874,90.146,20.721,0.3029,1.29
2022-12-13,0.0383,296.797,145.4700012,23.80851084,90.146,20.721,0.3029,1.29
2022-12-14,0.0383,296.797,143.2100067,23.4386263,90.146,20.721,0.3029,1.29
2022-12-15,0.0433,296.797,136.5,22.34042553,90.146,20.721,0.3029,1.29
2022-12-16,0.0433,296.797,134.5099945,22.01472905,90.146,20.721,0.3029,1.29
2022-12-19,0.0433,296.797,132.3699951,21.66448365,90.146,20.721,0.3029,1.29
2022-12-20,0.0433,296.797,132.3000031,21.65302832,90.146,20.721,0.3029,1.29
2022-12-21,0.0433,296.797,135.4499969,22.16857561,90.146,20.721,0.3029,1.29
2022-12-22,0.0433,296.797,132.2299957,21.6415705,90.146,20.721,0.3029,1.29
2022-12-23,0.0433,296.797,131.8600006,21.58101483,90.146,20.721,0.3029,1.29
2022-12-27,0.0433,296.797,130.0299988,21.28150553,90.146,20.721,0.3029,1.29
2022-12-28,0.0433,296.797,126.0400009,20.62847805,90.146,20.721,0.3029,1.29
2022-12-29,0.0433,296.797,129.6100006,21.21276606,90.146,20.721,0.3029,1.29
2022-12-30,0.0433,296.797,129.9299927,22.05942151,117.154,29.998,0.2941,1.88
2023-01-03,0.0433,299.17,125.0699997,21.23429536,117.154,29.998,0.2941,1.88
2023-01-04,0.0433,299.17,126.3600006,21.4533108,117.154,29.998,0.2941,1.88
2023-01-05,0.0433,299.17,125.0199966,21.22580588,117.154,29.998,0.2941,1.88
2023-01-06,0.0433,299.17,129.6199951,22.00679034,117.154,29.998,0.2941,1.88
2023-01-09,0.0433,299.17,130.1499939,22.09677316,117.154,29.998,0.2941,1.88
2023-01-10,0.0433,299.17,130.7299957,22.19524545,117.154,29.998,0.2941,1.88
2023-01-11,0.0433,299.17,133.4900055,22.66383794,117.154,29.998,0.2941,1.88
2023-01-12,0.0433,299.17,133.4100037,22.65025529,117.154,29.998,0.2941,1.88
2023-01-13,0.0433,299.17,134.7599945,22.87945577,117.154,29.998,0.2941,1.88
2023-01-17,0.0433,299.17,135.9400024,23.07979668,117.154,29.998,0.2941,1.88
2023-01-18,0.0433,299.17,135.2100067,22.95585853,117.154,29.998,0.2941,1.88
2023-01-19,0.0433,299.17,135.2700043,22.96604487,117.154,29.998,0.2941,1.88
2023-01-20,0.0433,299.17,137.8699951,23.40746946,117.154,29.998,0.2941,1.88
2023-01-23,0.0433,299.17,141.1100006,23.95755528,117.154,29.998,0.2941,1.88
2023-01-24,0.0433,299.17,142.5299988,24.19864156,117.154,29.998,0.2941,1.88
2023-01-25,0.0433,299.17,141.8600006,24.08488975,117.154,29.998,0.2941,1.88
2023-01-26,0.0433,299.17,143.9600067,24.44142729,117.154,29.998,0.2941,1.88
2023-01-27,0.0433,299.17,145.9299927,24.7758901,117.154,29.998,0.2941,1.88
2023-01-30,0.0433,299.17,143.0,24.27843803,117.154,29.998,0.2941,1.88
2023-01-31,0.0433,299.17,144.2899933,24.49745217,117.154,29.998,0.2941,1.88
2023-02-01,0.0433,300.84,145.4299927,24.69100045,117.154,29.998,0.2941,1.88
2023-02-02,0.0458,300.84,150.8200073,25.6061133,117.154,29.998,0.2941,1.88
2023-02-03,0.0458,300.84,154.5,26.23089983,117.154,29.998,0.2941,1.88
2023-02-06,0.0458,300.84,151.7299957,25.76061048,117.154,29.998,0.2941,1.88
2023-02-07,0.0458,300.84,154.6499939,26.25636569,117.154,29.998,0.2941,1.88
2023-02-08,0.0458,300.84,151.9199982,25.79286896,117.154,29.998,0.2941,1.88
2023-02-09,0.0457,300.84,150.8699951,25.61460019,117.154,29.998,0.2941,1.88
2023-02-10,0.0458,300.84,151.0099945,25.63836919,117.154,29.998,0.2941,1.88
2023-02-13,0.0458,300.84,153.8500061,26.12054433,117.154,29.998,0.2941,1.88
2023-02-14,0.0458,300.84,153.1999969,26.01018624,117.154,29.998,0.2941,1.88
2023-02-15,0.0458,300.84,155.3300018,26.37181695,117.154,29.998,0.2941,1.88
2023-02-16,0.0458,300.84,153.7100067,26.09677533,117.154,29.998,0.2941,1.88
2023-02-17,0.0458,300.84,152.5500031,25.89983074,117.154,29.998,0.2941,1.88
2023-02-21,0.0458,300.84,148.4799957,25.2088278,117.154,29.998,0.2941,1.88
2023-02-22,0.0458,300.84,148.9100037,25.28183424,117.154,29.998,0.2941,1.88
2023-02-23,0.0458,300.84,149.3999939,25.36502443,117.154,29.998,0.2941,1.88
2023-02-24,0.0458,300.84,146.7100067,24.90832032,117.154,29.998,0.2941,1.88
2023-02-27,0.0457,300.84,147.9199982,25.11375181,117.154,29.998,0.2941,1.88
2023-02-28,0.0457,300.84,147.4100037,25.02716531,117.154,29.998,0.2941,1.88
2023-03-01,0.0458,301.836,145.3099976,24.67062777,117.154,29.998,0.2941,1.88
2023-03-02,0.0457,301.836,145.9100037,24.77249638,117.154,29.998,0.2941,1.88
2023-03-03,0.0457,301.836,151.0299988,25.6417655,117.154,29.998,0.2941,1.88
2023-03-06,0.0457,301.836,153.8300018,26.11714802,117.154,29.998,0.2941,1.88
2023-03-07,0.0457,301.836,151.6000061,25.73854093,117.154,29.998,0.2941,1.88
2023-03-08,0.0457,301.836,152.8699951,25.95415876,117.154,29.998,0.2941,1.88
2023-03-09,0.0457,301.836,150.5899963,25.5670622,117.154,29.998,0.2941,1.88
2023-03-10,0.0457,301.836,148.5,25.21222411,117.154,29.998,0.2941,1.88
2023-03-13,0.0458,301.836,150.4700012,25.54668951,117.154,29.998,0.2941,1.88
2023-03-14,0.0458,301.836,152.5899963,25.90662077,117.154,29.998,0.2941,1.88
2023-03-15,0.0458,301.836,152.9900055,25.97453404,117.154,29.998,0.2941,1.88
2023-03-16,0.0458,301.836,155.8500061,26.4601029,117.154,29.998,0.2941,1.88
2023-03-17,0.0458,301.836,155.0,26.31578947,117.154,29.998,0.2941,1.88
2023-03-20,0.0458,301.836,157.3999939,26.72325873,117.154,29.998,0.2941,1.88
2023-03-21,0.0458,301.836,159.2799988,27.04244461,117.154,29.998,0.2941,1.88
2023-03-22,0.0458,301.836,157.8300018,26.79626517,117.154,29.998,0.2941,1.88
2023-03-23,0.0483,301.836,158.9299927,26.98302083,117.154,29.998,0.2941,1.88
2023-03-24,0.0483,301.836,160.25,27.20713073,117.154,29.998,0.2941,1.88
2023-03-27,0.0483,301.836,158.2799988,26.87266533,117.154,29.998,0.2941,1.88
2023-03-28,0.0483,301.836,157.6499939,26.76570355,117.154,29.998,0.2941,1.88
2023-03-29,0.0483,301.836,160.7700043,27.29541668,117.154,29.998,0.2941,1.88
2023-03-30,0.0483,301.836,162.3600006,27.56536513,117.154,29.998,0.2941,1.88
2023-03-31,0.0483,301.836,164.8999939,27.99660338,94.836,24.16,0.2916,1.52
2023-04-03,0.0483,303.363,166.1699982,28.2122238,94.836,24.16,0.2916,1.52
2023-04-04,0.0483,303.363,165.6300049,28.12054412,94.836,24.16,0.2916,1.52
2023-04-05,0.0483,303.363,163.7599945,27.80305509,94.836,24.16,0.2916,1.52
2023-04-06,0.0483,303.363,164.6600037,27.95585801,94.836,24.16,0.2916,1.52
2023-04-10,0.0483,303.363,162.0299988,27.50933765,94.836,24.16,0.2916,1.52
2023-04-11,0.0483,303.363,160.8000031,27.30050986,94.836,24.16,0.2916,1.52
2023-04-12,0.0483,303.363,160.1000061,27.18166487,94.836,24.16,0.2916,1.52
2023-04-13,0.0483,303.363,165.5599976,28.10865833,94.836,24.16,0.2916,1.52
2023-04-14,0.0483,303.363,165.2100067,28.04923713,94.836,24.16,0.2916,1.52
2023-04-17,0.0483,303.363,165.2299957,28.05263085,94.836,24.16,0.2916,1.52
2023-04-18,0.0483,303.363,166.4700012,28.2631581,94.836,24.16,0.2916,1.52
2023-04-19,0.0483,303.363,167.6300049,28.4601027,94.836,24.16,0.2916,1.52
2023-04-20,0.0483,303.363,166.6499939,28.29371713,94.836,24.16,0.2916,1.52
2023-04-21,0.0483,303.363,165.0200043,28.01697865,94.836,24.16,0.2916,1.52
2023-04-24,0.0483,303.363,165.3300018,28.06960982,94.836,24.16,0.2916,1.52
2023-04-25,0.0483,303.363,163.7700043,27.80475455,94.836,24.16,0.2916,1.52
2023-04-26,0.0483,303.363,163.7599945,27.80305509,94.836,24.16,0.2916,1.52
2023-04-27,0.0483,303.363,168.4100037,28.59253033,94.836,24.16,0.2916,1.52
2023-04-28,0.0483,303.363,169.6799927,28.80814816,94.836,24.16,0.2916,1.52
2023-05-01,0.0483,303.363,169.5899963,28.79286865,94.836,24.16,0.2916,1.52
2023-05-02,0.0483,303.363,168.5399933,28.61459988,94.836,24.16,0.2916,1.52
2023-05-03,0.0483,303.363,167.4499969,28.42954108,94.836,24.16,0.2916,1.52
2023-05-04,0.0508,303.363,165.7899933,28.14770684,94.836,24.16,0.2916,1.52
2023-05-05,0.0508,303.363,173.5700073,29.46859208,94.836,24.16,0.2916,1.52
2023-05-08,0.0508,303.363,173.5,29.45670628,94.836,24.16,0.2916,1.52
2023-05-09,0.0508,303.363,171.7700043,29.16298884,94.836,24.16,0.2916,1.52
2023-05-10,0.0508,303.363,173.5599976,29.46689262,94.836,24.16,0.2916,1.52
2023-05-11,0.0508,303.363,173.75,29.4991511,94.836,24.16,0.2916,1.52
2023-05-12,0.0508,303.363,172.5700073,29.29881279,94.836,24.16,0.2916,1.52
2023-05-15,0.0508,303.363,172.0700073,29.21392315,94.836,24.16,0.2916,1.52
2023-05-16,0.0508,303.363,172.0700073,29.21392315,94.836,24.16,0.2916,1.52
2023-05-17,0.0508,303.363,172.6900024,29.31918547,94.836,24.16,0.2916,1.52
2023-05-18,0.0508,303.363,175.0500031,29.71986469,94.836,24.16,0.2916,1.52
2023-05-19,0.0508,303.363,175.1600037,29.73854052,94.836,24.16,0.2916,1.52
2023-05-22,0.0508,303.363,174.1999969,29.57555126,94.836,24.16,0.2916,1.52
2023-05-23,0.0508,303.363,171.5599976,29.12733405,94.836,24.16,0.2916,1.52
2023-05-24,0.0508,303.363,171.8399963,29.17487204,94.836,24.16,0.2916,1.52
2023-05-25,0.0508,303.363,172.9900055,29.37011978,94.836,24.16,0.2916,1.52
2023-05-26,0.0508,303.363,175.4299927,29.78437906,94.836,24.16,0.2916,1.52
2023-05-30,0.0508,303.363,177.3000031,30.10186809,94.836,24.16,0.2916,1.52
2023-05-31,0.0508,303.363,177.25,30.09337861,94.836,24.16,0.2916,1.52
2023-06-01,0.0508,303.363,180.0899963,30.57555116,94.836,24.16,0.2916,1.52
2023-06-02,0.0508,303.363,180.9499969,30.72156145,94.836,24.16,0.2916,1.52
2023-06-05,0.0508,303.363,179.5800018,30.48896466,94.836,24.16,0.2916,1.52
2023-06-06,0.0508,303.363,179.2100067,30.42614715,94.836,24.16,0.2916,1.52
