Date,Close,EPS,PE
,,0.52,
,,0.97,
,,0.68,
2018-06-12,48.06999969,2.98,9.333980523
2018-06-13,47.67499924,2.98,9.257281405
2018-06-14,47.70000076,2.98,9.26213607
2018-06-15,47.20999908,2.98,9.166990113
2018-06-18,47.18500137,2.98,9.162136189
2018-06-19,46.42250061,2.98,9.014077788
2018-06-20,46.625,2.98,9.053398058
2018-06-21,46.36500168,2.98,9.002912947
2018-06-22,46.22999954,2.98,8.97669894
2018-06-25,45.54249954,2.98,8.843203795
2018-06-26,46.10749817,2.98,8.952912266
2018-06-27,46.04000092,2.98,8.939806003
2018-06-28,46.375,2.98,9.004854369
2018-06-29,46.27750015,2.98,8.98592236
2018-07-02,46.79499817,2.98,9.086407411
2018-07-03,45.97999954,2.98,8.928155251
2018-07-05,46.34999847,2.98,8.999999704
2018-07-06,46.99250031,2.98,9.124757341
2018-07-09,47.64500046,2.98,9.2514564
2018-07-10,47.58750153,2.98,9.240291558
2018-07-11,46.97000122,2.98,9.120388587
2018-07-12,47.75749969,2.98,9.273300912
2018-07-13,47.83250046,2.98,9.287864167
2018-07-16,47.72750092,2.98,9.267475906
2018-07-17,47.86249924,2.98,9.293689172
2018-07-18,47.59999847,2.98,9.24271815
2018-07-19,47.97000122,2.98,9.314563344
2018-07-20,47.86000061,2.98,9.293204002
2018-07-23,47.90250015,2.98,9.30145634
2018-07-24,48.25,2.98,9.368932039
2018-07-25,48.70500183,2.98,9.457281909
2018-07-26,48.55250168,2.98,9.427670229
2018-07-27,47.74499893,2.98,9.270873579
2018-07-30,47.47750092,2.98,9.218932217
2018-07-31,47.57249832,2.98,9.237378315
2018-08-01,50.375,2.98,9.781553398
2018-08-02,51.84749985,2.98,10.0674757
2018-08-03,51.99750137,2.98,10.09660221
2018-08-06,52.26750183,2.98,10.14902948
2018-08-07,51.77750015,2.98,10.05388352
2018-08-08,51.8125,2.98,10.06067961
2018-08-09,52.22000122,2.98,10.13980606
2018-08-10,51.88249969,2.98,10.07427179
2018-08-13,52.21749878,2.98,10.13932015
2018-08-14,52.4375,2.98,10.18203883
2018-08-15,52.56000137,2.98,10.20582551
2018-08-16,53.33000183,2.98,10.35534016
2018-08-17,54.39500046,2.98,10.56213601
2018-08-20,53.86500168,2.98,10.45922363
2018-08-21,53.75999832,2.98,10.43883463
2018-08-22,53.76250076,2.98,10.43932054
2018-08-23,53.87250137,2.98,10.46067988
2018-08-24,54.04000092,2.98,10.49320406
2018-08-27,54.48500061,2.98,10.57961177
2018-08-28,54.92499924,2.98,10.6650484
2018-08-29,55.74499893,2.98,10.82427164
2018-08-30,56.25749969,2.98,10.92378635
2018-08-31,56.90750122,2.98,11.05000024
2018-09-04,57.09000015,2.98,11.08543692
2018-09-05,56.71749878,2.98,11.01310656
2018-09-06,55.77500153,2.98,10.83009738
2018-09-07,55.32500076,2.98,10.74271859
2018-09-10,54.58250046,2.98,10.59854378
2018-09-11,55.96250153,2.98,10.86650515
2018-09-12,55.26750183,2.98,10.73155375
2018-09-13,56.60250092,2.98,10.99077688
2018-09-14,55.95999908,2.98,10.86601924
2018-09-17,54.47000122,2.98,10.57669927
2018-09-18,54.56000137,2.98,10.59417502
2018-09-19,54.59249878,2.98,10.6004852
2018-09-20,55.00749969,2.98,10.6810679
2018-09-21,54.41500092,2.98,10.5660196
2018-09-24,55.19749832,2.98,10.71796084
2018-09-25,55.54750061,2.98,10.78592245
2018-09-26,55.10499954,2.98,10.69999991
2018-09-27,56.23749924,2.98,10.91990276
2018-09-28,56.43500137,2.98,10.95825269
2018-10-01,56.81499863,2.98,11.03203857
2018-10-02,57.31999969,2.98,11.13009703
2018-10-03,58.01750183,2.98,11.26553434
2018-10-04,56.99750137,2.98,11.06747599
2018-10-05,56.07249832,2.98,10.88786375
2018-10-08,55.94250107,2.98,10.86262157
2018-10-09,56.71749878,2.98,11.01310656
2018-10-10,54.09000015,2.98,10.50291265
2018-10-11,53.61249924,2.98,10.41019403
2018-10-12,55.52750015,2.98,10.78203886
2018-10-15,54.34000015,2.98,10.55145634
2018-10-16,55.53749847,2.98,10.78398029
2018-10-17,55.29750061,2.98,10.73737876
2018-10-18,54.00500107,2.98,10.48640797
2018-10-19,54.82749939,2.98,10.64611639
2018-10-22,55.16249847,2.98,10.71116475
2018-10-23,55.68249893,2.98,10.81213571
2018-10-24,53.77249908,2.98,10.44126196
2018-10-25,54.95000076,2.98,10.66990306
2018-10-26,54.07500076,2.98,10.50000015
2018-10-29,53.06000137,2.98,10.30291289
2018-10-30,53.32500076,2.98,10.35436908
2018-10-31,54.71500015,2.98,10.62427187
2018-11-01,55.55500031,2.98,10.7873787
2018-11-02,51.86999893,2.98,10.07184445
2018-11-05,50.39749908,2.98,9.785922152
2018-11-06,50.94250107,2.98,9.89174778
2018-11-07,52.48749924,2.98,10.19174742
2018-11-08,52.12250137,2.98,10.12087405
2018-11-09,51.11750031,2.98,9.925728215
2018-11-12,48.54249954,2.98,9.425728066
2018-11-13,48.05749893,2.98,9.331553191
2018-11-14,46.70000076,2.98,9.067961313
2018-11-15,47.85250092,2.98,9.291747751
2018-11-16,48.38249969,2.98,9.394660135
2018-11-19,46.46500015,2.98,9.022330127
2018-11-20,44.24499893,2.98,8.591261929
2018-11-21,44.19499969,2.98,8.581553339
2018-11-23,43.07249832,2.98,8.363591907
2018-11-26,43.65499878,2.98,8.476698792
2018-11-27,43.56000137,2.98,8.458252694
2018-11-28,45.23500061,2.98,8.783495264
2018-11-29,44.88750076,2.98,8.716019566
2018-11-30,44.64500046,2.98,8.668932128
2018-12-03,46.20500183,2.98,8.971845016
2018-12-04,44.17250061,2.98,8.577184585
2018-12-06,43.68000031,2.98,8.481553457
2018-12-07,42.12250137,2.98,8.17912648
2018-12-10,42.40000153,2.98,8.233010005
2018-12-11,42.15750122,2.98,8.185922567
2018-12-12,42.27500153,2.98,8.20873816
2018-12-13,42.73749924,2.98,8.298543541
2018-12-14,41.36999893,2.98,8.033009501
2018-12-17,40.98500061,2.98,7.958252546
2018-12-18,41.51750183,2.98,8.061650841
2018-12-19,40.22249985,2.98,7.810194145
2018-12-20,39.20750046,2.98,7.613106885
2018-12-21,37.68249893,2.98,7.316990084
2018-12-24,36.70750046,2.98,7.127669992
2018-12-26,39.29249954,2.98,7.629611562
2018-12-27,39.03749847,2.98,7.580096791
2018-12-28,39.05749893,2.98,7.583980375
2018-12-31,39.43500137,2.98,7.65728182
2019-01-02,39.47999954,1.05,6.950704145
2019-01-03,35.54750061,1.05,6.258362784
2019-01-04,37.06499863,1.05,6.525527927
2019-01-07,36.98249817,1.05,6.511003199
2019-01-08,37.6875,1.05,6.635123239
2019-01-09,38.32749939,1.05,6.747799188
2019-01-10,38.45000076,1.05,6.769366332
2019-01-11,38.07249832,1.05,6.702904634
2019-01-14,37.5,1.05,6.602112676
2019-01-15,38.26750183,1.05,6.737236238
2019-01-16,38.73500061,1.05,6.819542361
2019-01-17,38.96500015,1.05,6.860035238
2019-01-18,39.20500183,1.05,6.902289055
2019-01-22,38.32500076,1.05,6.747359289
2019-01-23,38.47999954,1.05,6.774647807
2019-01-24,38.17499924,1.05,6.72095057
2019-01-25,39.43999863,1.05,6.94366173
2019-01-28,39.07500076,1.05,6.879401543
2019-01-29,38.66999817,1.05,6.808098269
2019-01-30,41.3125,1.05,7.273327465
2019-01-31,41.61000061,1.05,7.325704333
2019-02-01,41.63000107,1.05,7.32922554
2019-02-04,42.8125,1.05,7.537411972
2019-02-05,43.54499817,1.05,7.666372917
2019-02-06,43.56000137,1.05,7.669014326
2019-02-07,42.73500061,1.05,7.523767713
2019-02-08,42.60250092,1.05,7.500440302
2019-02-11,42.35749817,1.05,7.457306016
2019-02-12,42.72249985,1.05,7.521566875
2019-02-13,42.54499817,1.05,7.490316579
2019-02-14,42.70000076,1.05,7.517605768
2019-02-15,42.60499954,1.05,7.500880201
2019-02-19,42.73249817,1.05,7.523327142
2019-02-20,43.00749969,1.05,7.571742904
2019-02-21,42.76499939,1.05,7.529049188
2019-02-22,43.24250031,1.05,7.613116251
2019-02-25,43.55749893,1.05,7.668573756
2019-02-26,43.58250046,1.05,7.672975433
2019-02-27,43.71749878,1.05,7.696742743
2019-02-28,43.28749847,1.05,7.621038464
2019-03-01,43.74250031,1.05,7.70114442
2019-03-04,43.96250153,1.05,7.739877029
2019-03-05,43.88249969,1.05,7.7257922
2019-03-06,43.63000107,1.05,7.681338216
2019-03-07,43.125,1.05,7.592429577
2019-03-08,43.22750092,1.05,7.610475513
2019-03-11,44.72499847,1.05,7.87411945
2019-03-12,45.22750092,1.05,7.962588189
2019-03-13,45.42750168,1.05,7.997799591
2019-03-14,45.93249893,1.05,8.086707558
2019-03-15,46.52999878,1.05,8.191901194
2019-03-18,47.00500107,1.05,8.275528357
2019-03-19,46.63249969,1.05,8.209947129
2019-03-20,47.04000092,1.05,8.281690302
2019-03-21,48.77249908,1.05,8.586707585
2019-03-22,47.76250076,1.05,8.408890979
2019-03-25,47.18500137,1.05,8.307218552
2019-03-26,46.69749832,1.05,8.22139055
2019-03-27,47.11750031,1.05,8.295334561
2019-03-28,47.18000031,1.05,8.306338082
2019-03-29,47.48749924,0.62,8.909474529
2019-04-01,47.81000137,0.62,8.969981496
2019-04-02,48.50500107,0.62,9.100375435
2019-04-03,48.83750153,0.62,9.16275826
2019-04-04,48.92250061,0.62,9.178705555
2019-04-05,49.25,0.62,9.240150094
2019-04-08,50.02500153,0.62,9.385553757
2019-04-09,49.875,0.62,9.357410882
2019-04-10,50.15499878,0.62,9.409943486
2019-04-11,49.73749924,0.62,9.331613365
2019-04-12,49.71749878,0.62,9.327860934
2019-04-15,49.80749893,0.62,9.344746516
2019-04-16,49.8125,0.62,9.345684803
2019-04-17,50.78250122,0.62,9.527673775
2019-04-18,50.96500015,0.62,9.561913725
2019-04-22,51.13249969,0.62,9.59333953
2019-04-23,51.86999893,0.62,9.731707117
2019-04-24,51.79000092,0.62,9.716698108
2019-04-25,51.31999969,0.62,9.628517766
2019-04-26,51.07500076,0.62,9.582551738
2019-04-29,51.15250015,0.62,9.597091961
2019-04-30,50.16749954,0.62,9.412288845
2019-05-01,52.63000107,0.62,9.874296636
2019-05-02,52.28749847,0.62,9.810037237
2019-05-03,52.9375,0.62,9.931988743
2019-05-06,52.11999893,0.62,9.778611432
2019-05-07,50.71500015,0.62,9.515009409
2019-05-08,50.72499847,0.62,9.516885267
2019-05-09,50.18000031,0.62,9.414634204
2019-05-10,49.29499817,0.62,9.248592527
2019-05-13,46.43000031,0.62,8.711069476
2019-05-14,47.16500092,0.62,8.848968277
2019-05-15,47.72999954,0.62,8.954971772
2019-05-16,47.52000046,0.62,8.915572319
2019-05-17,47.25,0.62,8.864915572
2019-05-20,45.77249908,0.62,8.587710898
2019-05-21,46.65000153,0.62,8.752345502
2019-05-22,45.69499969,0.62,8.573170674
2019-05-23,44.91500092,0.62,8.42682944
2019-05-24,44.74250031,0.62,8.394465348
2019-05-28,44.55749893,0.62,8.359755897
2019-05-29,44.34500122,0.62,8.319887659
2019-05-30,44.57500076,0.62,8.363039543
2019-05-31,43.76750183,0.62,8.211538805
2019-06-03,43.32500076,0.62,8.128517967
2019-06-04,44.90999985,0.62,8.425891153
2019-06-05,45.63499832,0.62,8.561913381
2019-06-06,46.30500031,0.62,8.687617318
2019-06-07,47.53749847,0.62,8.918855248
2019-06-10,48.14500046,0.62,9.032833107
2019-06-11,48.70249939,0.62,9.137429529
2019-06-12,48.54750061,0.62,9.108349083
2019-06-13,48.53749847,0.62,9.106472509
2019-06-14,48.18500137,0.62,9.040337969
2019-06-17,48.47249985,0.62,9.094277645
2019-06-18,49.61249924,0.62,9.308161208
2019-06-19,49.46749878,0.62,9.280956619
2019-06-20,49.86500168,0.62,9.355535024
2019-06-21,49.69499969,0.62,9.323639718
2019-06-24,49.64500046,0.62,9.314258998
2019-06-25,48.89250183,0.62,9.173077267
2019-06-26,49.95000076,0.62,9.37148232
2019-06-27,49.93500137,0.62,9.368668175
2019-06-28,49.47999954,0.55,9.515384527
2019-07-01,50.38750076,0.55,9.689903993
2019-07-02,50.68249893,0.55,9.74663441
2019-07-03,51.10250092,0.55,9.827404022
2019-07-05,51.05749893,0.55,9.818749795
2019-07-08,50.00500107,0.55,9.616346359
2019-07-09,50.31000137,0.55,9.675000264
2019-07-10,50.80749893,0.55,9.770672872
2019-07-11,50.4375,0.55,9.699519231
2019-07-12,50.82500076,0.55,9.774038608
2019-07-15,51.30250168,0.55,9.865865707
2019-07-16,51.125,0.55,9.831730769
2019-07-17,50.83750153,0.55,9.776442601
2019-07-18,51.41500092,0.55,9.887500176
2019-07-19,50.64749908,0.55,9.73990367
2019-07-22,51.80500031,0.55,9.962500059
2019-07-23,52.20999908,0.55,10.04038444
2019-07-24,52.16749954,0.55,10.03221145
2019-07-25,51.75500107,0.55,9.952884821
2019-07-26,51.93500137,0.55,9.987500264
2019-07-29,52.41999817,0.55,10.08076888
2019-07-30,52.19499969,0.55,10.03749994
2019-07-31,53.25999832,0.55,10.24230737
2019-08-01,52.10749817,0.55,10.02067272
2019-08-02,51.00500107,0.55,9.808654052
2019-08-05,48.33499908,0.55,9.295192132
2019-08-06,49.25,0.55,9.471153846
2019-08-07,49.75999832,0.55,9.569230446
2019-08-08,50.85749817,0.55,9.780288109
2019-08-09,50.24750137,0.55,9.662981033
2019-08-12,50.11999893,0.55,9.638461333
2019-08-13,52.24250031,0.55,10.04663467
2019-08-14,50.6875,0.55,9.747596154
2019-08-15,50.43500137,0.55,9.699038726
2019-08-16,51.625,0.55,9.927884615
2019-08-19,52.58750153,0.55,10.11298106
2019-08-20,52.59000015,0.55,10.11346157
2019-08-21,53.15999985,0.55,10.22307689
2019-08-22,53.11500168,0.55,10.2144234
2019-08-23,50.65999985,0.55,9.742307663
2019-08-26,51.62250137,0.55,9.92740411
2019-08-27,51.04000092,0.55,9.815384791
2019-08-28,51.38249969,0.55,9.881249941
2019-08-29,52.25249863,0.55,10.04855743
2019-08-30,52.18500137,0.55,10.03557719
2019-09-03,51.42499924,0.55,9.88942293
2019-09-04,52.29750061,0.55,10.05721166
2019-09-05,53.31999969,0.55,10.2538461
2019-09-06,53.31499863,0.55,10.25288435
2019-09-09,53.54249954,0.55,10.29663453
2019-09-10,54.17499924,0.55,10.41826908
2019-09-11,55.89749908,0.55,10.74951905
2019-09-12,55.77249908,0.55,10.72548059
2019-09-13,54.6875,0.55,10.51682692
2019-09-16,54.97499847,0.55,10.57211509
2019-09-17,55.17499924,0.55,10.61057678
2019-09-18,55.69250107,0.55,10.71009636
2019-09-19,55.24000168,0.55,10.62307725
2019-09-20,54.43249893,0.55,10.46778826
2019-09-23,54.68000031,0.55,10.51538467
2019-09-24,54.41999817,0.55,10.46538426
2019-09-25,55.25749969,0.55,10.62644225
2019-09-26,54.97249985,0.55,10.57163459
2019-09-27,54.70500183,0.55,10.52019266
2019-09-30,55.99250031,0.77,18.72658873
2019-10-01,56.14749908,0.77,18.77842779
2019-10-02,54.74000168,0.77,18.30769287
2019-10-03,55.20500183,0.77,18.46321131
2019-10-04,56.75249863,0.77,18.98076877
2019-10-07,56.76499939,0.77,18.98494963
2019-10-08,56.09999847,0.77,18.7625413
2019-10-09,56.75749969,0.77,18.98244137
2019-10-10,57.52249908,0.77,19.23829401
2019-10-11,59.05250168,0.77,19.75000056
2019-10-14,58.96749878,0.77,19.7215715
2019-10-15,58.83000183,0.77,19.6755859
2019-10-16,58.59249878,0.77,19.59615344
2019-10-17,58.81999969,0.77,19.6722407
2019-10-18,59.10250092,0.77,19.76672271
2019-10-21,60.12749863,0.77,20.10953131
2019-10-22,59.99000168,0.77,20.06354571
2019-10-23,60.79499817,0.77,20.33277531
2019-10-24,60.89500046,0.77,20.36622089
2019-10-25,61.64500046,0.77,20.61705701
2019-10-28,62.26250076,0.77,20.82357885
2019-10-29,60.82249832,0.77,20.34197268
2019-10-30,60.81499863,0.77,20.33946442
2019-10-31,62.18999863,0.77,20.79933064
2019-11-01,63.95500183,0.77,21.38963272
2019-11-04,64.375,0.77,21.53010033
2019-11-05,64.28250122,0.77,21.49916429
2019-11-06,64.30999756,0.77,21.50836039
2019-11-07,64.85749817,0.77,21.69147096
2019-11-08,65.03500366,0.77,21.75083735
2019-11-11,65.55000305,0.77,21.92307794
2019-11-12,65.48999786,0.77,21.90300932
2019-11-13,66.11750031,0.77,22.11287636
2019-11-14,65.66000366,0.77,21.95986745
2019-11-15,66.44000244,0.77,22.2207366
2019-11-18,66.77500153,0.77,22.33277643
2019-11-19,66.57250214,0.77,22.26505088
2019-11-20,65.79750061,0.77,22.00585305
2019-11-21,65.50250244,0.77,21.90719145
2019-11-22,65.44499969,0.77,21.88795976
2019-11-25,66.59249878,0.77,22.27173872
2019-11-26,66.07250214,0.77,22.0978268
2019-11-27,66.95999908,0.77,22.39464852
2019-11-29,66.8125,0.77,22.34531773
2019-12-02,66.04000092,0.77,22.08695683
2019-12-03,64.86250305,0.77,21.69314483
2019-12-04,65.43499756,0.77,21.88461457
2019-12-05,66.39499664,0.77,22.2056845
2019-12-06,67.67749786,0.77,22.63461467
2019-12-09,66.73000336,0.77,22.31772688
2019-12-10,67.12000275,0.77,22.44816145
2019-12-11,67.69249725,0.77,22.63963119
2019-12-12,67.86499786,0.77,22.6973237
2019-12-13,68.78749847,0.77,23.00585233
2019-12-16,69.96499634,0.77,23.39966433
2019-12-17,70.10250092,0.77,23.44565248
2019-12-18,69.93499756,0.77,23.38963129
2019-12-19,70.00499725,0.77,23.41304256
2019-12-20,69.86000061,0.77,23.3645487
2019-12-23,71,0.77,23.7458194
2019-12-24,71.06749725,0.77,23.76839373
2019-12-26,72.47750092,0.77,24.23996686
2019-12-27,72.44999695,0.77,24.23076821
2019-12-30,72.87999725,0.77,24.37458102
2019-12-31,73.41249847,1.25,23.01332241
2020-01-02,75.08750153,1.25,23.53840173
2020-01-03,74.35749817,1.25,23.30956055
2020-01-06,74.94999695,1.25,23.49529685
2020-01-07,74.59750366,1.25,23.38479739
2020-01-08,75.79750061,1.25,23.76097198
2020-01-09,77.40750122,1.25,24.26567436
2020-01-10,77.58249664,1.25,24.32053186
2020-01-13,79.23999786,1.25,24.84012472
2020-01-14,78.16999817,1.25,24.50470162
2020-01-15,77.83499908,1.25,24.39968623
2020-01-16,78.80999756,1.25,24.70532839
2020-01-17,79.68250275,1.25,24.97884099
2020-01-21,79.14250183,1.25,24.8095617
2020-01-22,79.42500305,1.25,24.89812008
2020-01-23,79.80750275,1.25,25.01802594
2020-01-24,79.57749939,1.25,24.94592457
2020-01-27,77.23750305,1.25,24.2123834
2020-01-28,79.42250061,1.25,24.89733561
2020-01-29,81.08499908,1.25,25.41849501
2020-01-30,80.96749878,1.25,25.38166106
2020-01-31,77.37750244,1.25,24.25627036
2020-02-03,77.16500092,1.25,24.18965546
2020-02-04,79.71250153,1.25,24.98824499
2020-02-05,80.36250305,1.25,25.19200723
2020-02-06,81.30249786,1.25,25.48667645
2020-02-07,80.00749969,1.25,25.08072091
2020-02-10,80.38749695,1.25,25.1998423
2020-02-11,79.90249634,1.25,25.04780449
2020-02-12,81.80000305,1.25,25.64263419
2020-02-13,81.21749878,1.25,25.46003097
2020-02-14,81.23750305,1.25,25.4663019
2020-02-18,79.75,1.25,25
2020-02-19,80.90499878,1.25,25.36206858
2020-02-20,80.07499695,1.25,25.10187992
2020-02-21,78.26249695,1.25,24.5336981
2020-02-24,74.54499817,1.25,23.36833798
2020-02-25,72.01999664,1.25,22.57680146
2020-02-26,73.16249847,1.25,22.9349525
2020-02-27,68.37999725,1.25,21.43573582
2020-02-28,68.33999634,1.25,21.42319634
2020-03-02,74.70249939,1.25,23.41771141
2020-03-03,72.33000183,1.25,22.67398177
2020-03-04,75.68499756,1.25,23.72570456
2020-03-05,73.23000336,1.25,22.9561139
2020-03-06,72.25749969,1.25,22.65125382
2020-03-09,66.54250336,1.25,20.85971892
2020-03-10,71.33499908,1.25,22.36206868
2020-03-11,68.85749817,1.25,21.58542262
2020-03-12,62.05749893,1.25,19.45376142
2020-03-13,69.49250031,1.25,21.78448285
2020-03-16,60.55250168,1.25,18.98197545
2020-03-17,63.21500015,1.25,19.81661447
2020-03-18,61.66749954,1.25,19.33150456
2020-03-19,61.19499969,1.25,19.18338548
2020-03-20,57.31000137,1.25,17.96551767
2020-03-23,56.09249878,1.25,17.58385542
2020-03-24,61.72000122,1.25,19.34796277
2020-03-25,61.38000107,1.25,19.24137965
2020-03-26,64.61000061,1.25,20.25391869
2020-03-27,61.93500137,1.25,19.41536093
2020-03-30,63.70249939,1.25,19.96943555
2020-03-31,63.57249832,0.64,19.80451661
2020-04-01,60.22750092,0.64,18.76246134
2020-04-02,61.23249817,0.64,19.0755446
2020-04-03,60.35250092,0.64,18.80140215
2020-04-06,65.61750031,0.64,20.44158888
2020-04-07,64.85749817,0.64,20.20482809
2020-04-08,66.51750183,0.64,20.72196319
2020-04-09,66.99749756,0.64,20.87149457
2020-04-13,68.3125,0.64,21.28115265
2020-04-14,71.76249695,0.64,22.35591805
2020-04-15,71.10749817,0.64,22.15186859
2020-04-16,71.67250061,0.64,22.32788181
2020-04-17,70.69999695,0.64,22.02492117
2020-04-20,69.23249817,0.64,21.56775644
2020-04-21,67.09249878,0.64,20.90108996
2020-04-22,69.02500153,0.64,21.50311574
2020-04-23,68.75749969,0.64,21.41978184
2020-04-24,70.74250031,0.64,22.03816209
2020-04-27,70.79250336,0.64,22.05373936
2020-04-28,69.64499664,0.64,21.69626064
2020-04-29,71.93250275,0.64,22.40887936
2020-04-30,73.44999695,0.64,22.88161899
2020-05-01,72.26750183,0.64,22.51324045
2020-05-04,73.29000092,0.64,22.83177599
2020-05-05,74.38999939,0.64,23.17445464
2020-05-06,75.15750122,0.64,23.41355178
2020-05-07,75.93499756,0.64,23.65576248
2020-05-08,77.53250122,0.64,24.15342717
2020-05-11,78.75250244,0.64,24.53348986
2020-05-12,77.85250092,0.64,24.25311555
2020-05-13,76.91249847,0.64,23.9602799
2020-05-14,77.38500214,0.64,24.1074773
2020-05-15,76.92749786,0.64,23.96495261
2020-05-18,78.73999786,0.64,24.52959435
2020-05-19,78.28500366,0.64,24.38785161
2020-05-20,79.80750275,0.64,24.86215039
2020-05-21,79.21250153,0.64,24.67679175
2020-05-22,79.72250366,0.64,24.83567092
2020-05-26,79.18250275,0.64,24.66744634
2020-05-27,79.52749634,0.64,24.77492098
2020-05-28,79.5625,0.64,24.78582555
2020-05-29,79.48500061,0.64,24.76168243
2020-06-01,80.46250153,0.64,25.06619985
2020-06-02,80.83499908,0.64,25.18224271
2020-06-03,81.27999878,0.64,25.32087189
2020-06-04,80.58000183,0.64,25.10280431
2020-06-05,82.875,0.64,25.81775701
2020-06-08,83.36499786,0.64,25.97040432
2020-06-09,85.99749756,0.64,26.79049768
2020-06-10,88.20999908,0.64,27.47975049
2020-06-11,83.97499847,0.64,26.16043566
2020-06-12,84.69999695,0.64,26.38629188
2020-06-15,85.74749756,0.64,26.71261606
2020-06-16,88.01999664,0.64,27.4205597
2020-06-17,87.89749908,0.64,27.38239847
2020-06-18,87.93250275,0.64,27.39330304
2020-06-19,87.43000031,0.64,27.23676022
2020-06-22,89.71749878,0.64,27.94937657
2020-06-23,91.63249969,0.64,28.54595006
2020-06-24,90.01499939,0.64,28.04205588
2020-06-25,91.20999908,0.64,28.41432993
2020-06-26,88.40750122,0.64,27.54127764
2020-06-29,90.44499969,0.64,28.17601237
2020-06-30,91.19999695,0.65,27.55286917
2020-07-01,91.02749634,0.65,27.50075418
2020-07-02,91.02749634,0.65,27.50075418
2020-07-06,93.46250153,0.65,28.23640529
2020-07-07,93.17250061,0.65,28.14879173
2020-07-08,95.34249878,0.65,28.8043803
2020-07-09,95.75250244,0.65,28.92824847
2020-07-10,95.91999817,0.65,28.97885141
2020-07-13,95.47750092,0.65,28.84516644
2020-07-14,97.05750275,0.65,29.32250838
2020-07-15,97.72499847,0.65,29.52416872
2020-07-16,96.52249908,0.65,29.16087586
2020-07-17,96.32749939,0.65,29.10196356
2020-07-20,98.35749817,0.65,29.71525624
2020-07-21,97,0.65,29.30513595
2020-07-22,97.27249908,0.65,29.38746196
2020-07-23,92.84500122,0.65,28.04984931
2020-07-24,92.61499786,0.65,27.98036189
2020-07-27,94.80999756,0.65,28.64350379
2020-07-28,93.25250244,0.65,28.17296146
2020-07-29,95.04000092,0.65,28.71299121
2020-07-30,96.19000244,0.65,29.0604237
2020-07-31,106.2600021,0.65,32.10271968
2020-08-03,108.9375,0.65,32.91163142
2020-08-04,109.6650009,0.65,33.13142022
2020-08-05,110.0625,0.65,33.25151057
2020-08-06,113.9024963,0.65,34.41163031
2020-08-07,111.1125031,0.65,33.56873204
2020-08-10,112.7275009,0.65,34.0566468
2020-08-11,109.375,0.65,33.04380665
2020-08-12,113.0100021,0.65,34.1419946
2020-08-13,115.0100021,0.65,34.74622421
2020-08-14,114.9075012,0.65,34.71525717
2020-08-17,114.6074982,0.65,34.6246218
2020-08-18,115.5625,0.65,34.91314199
2020-08-19,115.7074966,0.65,34.95694763
2020-08-20,118.2750015,0.65,35.73262886
2020-08-21,124.3700027,0.65,37.57401896
2020-08-24,125.8574982,0.65,38.02341334
2020-08-25,124.8249969,0.65,37.71147944
2020-08-26,126.5224991,0.65,38.22431997
2020-08-27,125.0100021,0.65,37.76737225
2020-08-28,124.8075027,0.65,37.70619418
2020-08-31,129.0399933,0.65,38.98489223
2020-09-01,134.1799927,0.65,40.53776214
2020-09-02,131.3999939,0.65,39.69788335
2020-09-03,120.8799973,0.65,36.51963663
2020-09-04,120.9599991,0.65,36.54380637
2020-09-08,112.8199997,0.65,34.08459205
2020-09-09,117.3199997,0.65,35.44410867
2020-09-10,113.4899979,0.65,34.28700842
2020-09-11,112,0.65,33.83685801
2020-09-14,115.3600006,0.65,34.85196393
2020-09-15,115.5400009,0.65,34.90634469
2020-09-16,112.1299973,0.65,33.8761321
2020-09-17,110.3399963,0.65,33.33534633
2020-09-18,106.8399963,0.65,32.27794451
2020-09-21,110.0800018,0.65,33.25679814
2020-09-22,111.8099976,0.65,33.77945546
2020-09-23,107.1200027,0.65,32.36253859
2020-09-24,108.2200012,0.65,32.69486442
2020-09-25,112.2799988,0.65,33.92144978
2020-09-28,114.9599991,0.65,34.73111755
2020-09-29,114.0899963,0.65,34.46827684
2020-09-30,115.8099976,0.74,35.30792608
2020-10-01,116.7900009,0.74,35.6067076
2020-10-02,113.0199966,0.74,34.45731605
2020-10-05,116.5,0.74,35.51829268
2020-10-06,113.1600037,0.74,34.50000112
2020-10-07,115.0800018,0.74,35.08536641
2020-10-08,114.9700012,0.74,35.05182964
2020-10-09,116.9700012,0.74,35.66158574
2020-10-12,124.4000015,0.74,37.92682973
2020-10-13,121.0999985,0.74,36.92073124
2020-10-14,121.1900024,0.74,36.94817148
2020-10-15,120.7099991,0.74,36.80182899
2020-10-16,119.0199966,0.74,36.28658434
2020-10-19,115.9800034,0.74,35.35975712
2020-10-20,117.5100021,0.74,35.82622016
2020-10-21,116.8700027,0.74,35.6310984
2020-10-22,115.75,0.74,35.28963415
2020-10-23,115.0400009,0.74,35.07317101
2020-10-26,115.0500031,0.74,35.07622044
2020-10-27,116.5999985,0.74,35.54878002
2020-10-28,111.1999969,0.74,33.90243809
2020-10-29,115.3199997,0.74,35.15853649
2020-10-30,108.8600006,0.74,33.18902458
2020-11-02,108.7699966,0.74,33.16158434
2020-11-03,110.4400024,0.74,33.67073245
2020-11-04,114.9499969,0.74,35.04573078
2020-11-05,119.0299988,0.74,36.28963377
2020-11-06,118.6900024,0.74,36.18597635
2020-11-09,116.3199997,0.74,35.46341454
2020-11-10,115.9700012,0.74,35.35670769
2020-11-11,119.4899979,0.74,36.4298774
2020-11-12,119.2099991,0.74,36.34451192
2020-11-13,119.2600021,0.74,36.35975675
2020-11-16,120.3000031,0.74,36.6768302
2020-11-17,119.3899994,0.74,36.39939006
2020-11-18,118.0299988,0.74,35.98475573
2020-11-19,118.6399994,0.74,36.17073152
2020-11-20,117.3399963,0.74,35.77438913
2020-11-23,113.8499985,0.74,34.71036539
2020-11-24,115.1699982,0.74,35.11280432
2020-11-25,116.0299988,0.74,35.37499963
2020-11-27,116.5899963,0.74,35.54573059
2020-11-30,119.0500031,0.74,36.29573264
2020-12-01,122.7200012,0.74,37.41463452
2020-12-02,123.0800018,0.74,37.5243908
2020-12-03,122.9400024,0.74,37.48170806
2020-12-04,122.25,0.74,37.27134146
2020-12-07,123.75,0.74,37.72865854
2020-12-08,124.3799973,0.74,37.92073087
2020-12-09,121.7799988,0.74,37.12804841
2020-12-10,123.2399979,0.74,37.57317008
2020-12-11,122.4100037,0.74,37.32012307
2020-12-14,121.7799988,0.74,37.12804841
2020-12-15,127.8799973,0.74,38.98780404
2020-12-16,127.8099976,0.74,38.96646267
2020-12-17,128.6999969,0.74,39.23780395
2020-12-18,126.6600037,0.74,38.61585478
2020-12-21,128.2299957,0.74,39.09451089
2020-12-22,131.8800049,0.74,40.20731856
2020-12-23,130.9600067,0.74,39.92683132
2020-12-24,131.9700012,0.74,40.23475647
2020-12-28,136.6900024,0.74,41.67378123
2020-12-29,134.8699951,0.74,41.11890095
2020-12-30,133.7200012,0.74,40.76829306
2020-12-31,132.6900024,1.68,35.76549931
2021-01-04,129.4100037,1.68,34.8814026
2021-01-05,131.0099945,1.68,35.31266698
2021-01-06,126.5999985,1.68,34.12398881
2021-01-07,130.9199982,1.68,35.28840921
2021-01-08,132.0500031,1.68,35.59299274
2021-01-11,128.9799957,1.68,34.7654975
2021-01-12,128.8000031,1.68,34.71698195
2021-01-13,130.8899994,1.68,35.28032329
2021-01-14,128.9100037,1.68,34.74663171
2021-01-15,127.1399994,1.68,34.26954161
2021-01-19,127.8300018,1.68,34.4555261
2021-01-20,132.0299988,1.68,35.58760075
2021-01-21,136.8699951,1.68,36.89218197
2021-01-22,139.0700073,1.68,37.48517718
2021-01-25,142.9199982,1.68,38.52291056
2021-01-26,143.1600037,1.68,38.58760207
2021-01-27,142.0599976,1.68,38.29110446
2021-01-28,137.0899963,1.68,36.95148149
2021-01-29,131.9600067,1.68,35.56873496
2021-02-01,134.1399994,1.68,36.15633407
2021-02-02,134.9900055,1.68,36.38544622
2021-02-03,133.9400024,1.68,36.10242653
2021-02-04,137.3899994,1.68,37.03234485
2021-02-05,136.7599945,1.68,36.86253221
2021-02-08,136.9100037,1.68,36.90296595
2021-02-09,136.0099945,1.68,36.66037588
2021-02-10,135.3899994,1.68,36.49326129
2021-02-11,135.1300049,1.68,36.42318191
2021-02-12,135.3699951,1.68,36.4878693
2021-02-16,133.1900024,1.68,35.9002702
2021-02-17,130.8399963,1.68,35.26684537
2021-02-18,129.7100067,1.68,34.96226596
2021-02-19,129.8699951,1.68,35.00538952
2021-02-22,126,1.68,33.96226415
2021-02-23,125.8600006,1.68,33.92452847
2021-02-24,125.3499985,1.68,33.78706158
2021-02-25,120.9899979,1.68,32.61185926
2021-02-26,121.2600021,1.68,32.68463669
2021-03-01,127.7900009,1.68,34.44474418
2021-03-02,125.1200027,1.68,33.72506813
2021-03-03,122.0599976,1.68,32.90026888
2021-03-04,120.1299973,1.68,32.38005317
2021-03-05,121.4199982,1.68,32.72776231
2021-03-08,116.3600006,1.68,31.36388157
2021-03-09,121.0899963,1.68,32.63881303
2021-03-10,119.9800034,1.68,32.33962355
2021-03-11,121.9599991,1.68,32.87331512
2021-03-12,121.0299988,1.68,32.62264118
2021-03-15,123.9899979,1.68,33.4204846
2021-03-16,125.5699997,1.68,33.8463611
2021-03-17,124.7600021,1.68,33.62803292
2021-03-18,120.5299988,1.68,32.48787029
2021-03-19,119.9899979,1.68,32.34231748
2021-03-22,123.3899994,1.68,33.25875994
2021-03-23,122.5400009,1.68,33.02964984
2021-03-24,120.0899963,1.68,32.36927125
2021-03-25,120.5899963,1.68,32.50404214
2021-03-26,121.2099991,1.68,32.67115878
2021-03-29,121.3899994,1.68,32.71967639
2021-03-30,119.9000015,1.68,32.31805971
2021-03-31,122.1500015,1.4,27.32662227
2021-04-01,123,1.4,27.51677852
2021-04-05,125.9000015,1.4,28.16554844
2021-04-06,126.2099991,1.4,28.23489912
2021-04-07,127.9000015,1.4,28.61297573
2021-04-08,130.3600006,1.4,29.1633111
2021-04-09,133,1.4,29.75391499
2021-04-12,131.2400055,1.4,29.3601802
2021-04-13,134.4299927,1.4,30.07382386
2021-04-14,132.0299988,1.4,29.53691248
2021-04-15,134.5,1.4,30.08948546
2021-04-16,134.1600037,1.4,30.01342364
2021-04-19,134.8399963,1.4,30.16554728
2021-04-20,133.1100006,1.4,29.77852363
2021-04-21,133.5,1.4,29.86577181
2021-04-22,131.9400024,1.4,29.51677907
2021-04-23,134.3200073,1.4,30.04921864
2021-04-26,134.7200012,1.4,30.13870273
2021-04-27,134.3899994,1.4,30.06487682
2021-04-28,133.5800018,1.4,29.88366931
2021-04-29,133.4799957,1.4,29.86129658
2021-04-30,131.4600067,1.4,29.40939748
2021-05-03,132.5399933,1.4,29.65100521
2021-05-04,127.8499985,1.4,28.60178937
2021-05-05,128.1000061,1.4,28.65771949
2021-05-06,129.7400055,1.4,29.02460973
2021-05-07,130.2100067,1.4,29.12975542
2021-05-10,126.8499985,1.4,28.37807572
2021-05-11,125.9100037,1.4,28.16778605
2021-05-12,122.7699966,1.4,27.46532363
2021-05-13,124.9700012,1.4,27.95749468
2021-05-14,127.4499969,1.4,28.51230357
2021-05-17,126.2699966,1.4,28.2483214
2021-05-18,124.8499985,1.4,27.93064843
2021-05-19,124.6900024,1.4,27.89485513
2021-05-20,127.3099976,1.4,28.48098379
2021-05-21,125.4300003,1.4,28.06040275
2021-05-24,127.0999985,1.4,28.43400413
2021-05-25,126.9000015,1.4,28.38926209
2021-05-26,126.8499985,1.4,28.37807572
2021-05-27,125.2799988,1.4,28.02684536
2021-05-28,124.6100006,1.4,27.87695763
2021-06-01,124.2799988,1.4,27.80313172
2021-06-02,125.0599976,1.4,27.97762809
2021-06-03,123.5400009,1.4,27.6375841
2021-06-04,125.8899994,1.4,28.16331083
2021-06-07,125.9000015,1.4,28.16554844
2021-06-08,126.7399979,1.4,28.35346708
2021-06-09,127.1299973,1.4,28.44071527
2021-06-10,126.1100006,1.4,28.2125281
2021-06-11,127.3499985,1.4,28.48993254
2021-06-14,130.4799957,1.4,29.19015564
2021-06-15,129.6399994,1.4,29.002237
2021-06-16,130.1499939,1.4,29.11632973
2021-06-17,131.7899933,1.4,29.48321997
2021-06-18,130.4600067,1.4,29.18568383
2021-06-21,132.3000031,1.4,29.59731612
2021-06-22,133.9799957,1.4,29.97315341
2021-06-23,133.6999969,1.4,29.91051386
2021-06-24,133.4100037,1.4,29.8456384
2021-06-25,133.1100006,1.4,29.77852363
2021-06-28,134.7799988,1.4,30.15212501
2021-06-29,136.3300018,1.4,30.49888184
2021-06-30,136.9600067,1.3,26.75000131
2021-07-01,137.2700043,1.3,26.81054771
2021-07-02,139.9600067,1.3,27.33593881
2021-07-06,142.0200043,1.3,27.73828208
2021-07-07,144.5700073,1.3,28.23632956
2021-07-08,143.2400055,1.3,27.97656357
2021-07-09,145.1100006,1.3,28.34179699
2021-07-12,144.5,1.3,28.22265625
2021-07-13,145.6399994,1.3,28.44531238
2021-07-14,149.1499939,1.3,29.13085818
2021-07-15,148.4799957,1.3,28.99999917
2021-07-16,146.3899994,1.3,28.59179676
2021-07-19,142.4499969,1.3,27.82226503
2021-07-20,146.1499939,1.3,28.54492068
2021-07-21,145.3999939,1.3,28.39843631
2021-07-22,146.8000031,1.3,28.6718756
2021-07-23,148.5599976,1.3,29.01562452
2021-07-26,148.9900055,1.3,29.09961045
2021-07-27,146.7700043,1.3,28.66601646
2021-07-28,144.9799957,1.3,28.31640542
2021-07-29,145.6399994,1.3,28.44531238
2021-07-30,145.8600006,1.3,28.48828137
2021-08-02,145.5200043,1.3,28.42187583
2021-08-03,147.3600006,1.3,28.78125012
2021-08-04,146.9499969,1.3,28.70117128
2021-08-05,147.0599976,1.3,28.72265577
2021-08-06,146.1399994,1.3,28.54296863
2021-08-09,146.0899963,1.3,28.53320241
2021-08-10,145.6000061,1.3,28.43750119
2021-08-11,145.8600006,1.3,28.48828137
2021-08-12,148.8899994,1.3,29.08007801
2021-08-13,149.1000061,1.3,29.12109494
2021-08-16,151.1199951,1.3,29.51562405
2021-08-17,150.1900024,1.3,29.33398485
2021-08-18,146.3600006,1.3,28.58593762
2021-08-19,146.6999969,1.3,28.65234315
2021-08-20,148.1900024,1.3,28.94335985
2021-08-23,149.7100067,1.3,29.24023569
2021-08-24,149.6199951,1.3,29.2226553
2021-08-25,148.3600006,1.3,28.97656262
2021-08-26,147.5399933,1.3,28.81640494
2021-08-27,148.6000061,1.3,29.02343869
2021-08-30,153.1199951,1.3,29.90624905
2021-08-31,151.8300018,1.3,29.65429723
2021-09-01,152.5099945,1.3,29.7871083
2021-09-02,153.6499939,1.3,30.00976443
2021-09-03,154.3000031,1.3,30.13671935
2021-09-07,156.6900024,1.3,30.6035161
2021-09-08,155.1100006,1.3,30.29492199
2021-09-09,154.0700073,1.3,30.09179831
2021-09-10,148.9700012,1.3,29.09570336
2021-09-13,149.5500031,1.3,29.20898497
2021-09-14,148.1199951,1.3,28.92968655
2021-09-15,149.0299988,1.3,29.10742164
2021-09-16,148.7899933,1.3,29.06054556
2021-09-17,146.0599976,1.3,28.52734327
2021-09-20,142.9400024,1.3,27.91796923
2021-09-21,143.4299927,1.3,28.01367044
2021-09-22,145.8500061,1.3,28.48632932
2021-09-23,146.8300018,1.3,28.67773473
2021-09-24,146.9199982,1.3,28.69531214
2021-09-27,145.3699951,1.3,28.39257717
2021-09-28,141.9100037,1.3,27.71679759
2021-09-29,142.8300018,1.3,27.89648473
2021-09-30,141.5,1.23,25.2228164
2021-10-01,142.6499939,1.23,25.4278064
2021-10-04,139.1399994,1.23,24.80213893
2021-10-05,141.1100006,1.23,25.15329779
2021-10-06,142,1.23,25.31194296
2021-10-07,143.2899933,1.23,25.54188829
2021-10-08,142.8999939,1.23,25.47236968
2021-10-11,142.8099976,1.23,25.45632755
2021-10-12,141.5099945,1.23,25.22459795
2021-10-13,140.9100037,1.23,25.11764771
2021-10-14,143.7599945,1.23,25.62566747
2021-10-15,144.8399963,1.23,25.81818117
2021-10-18,146.5500031,1.23,26.1229952
2021-10-19,148.7599945,1.23,26.51693307
2021-10-20,149.2599945,1.23,26.60605963
2021-10-21,149.4799957,1.23,26.64527553
2021-10-22,148.6900024,1.23,26.50445676
2021-10-25,148.6399994,1.23,26.49554356
2021-10-26,149.3200073,1.23,26.6167571
2021-10-27,148.8500061,1.23,26.53297792
2021-10-28,152.5700073,1.23,27.19607974
2021-10-29,149.8000031,1.23,26.70231783
2021-11-01,148.9600067,1.23,26.55258587
2021-11-02,150.0200043,1.23,26.74153374
2021-11-03,151.4900055,1.23,27.00356604
2021-11-04,150.9600067,1.23,26.90909211
2021-11-05,151.2799988,1.23,26.96613169
2021-11-08,150.4400024,1.23,26.81639972
2021-11-09,150.8099976,1.23,26.88235251
2021-11-10,147.9199982,1.23,26.3672011
2021-11-11,147.8699951,1.23,26.3582879
2021-11-12,149.9900055,1.23,26.73618636
2021-11-15,150,1.23,26.73796791
2021-11-16,151,1.23,26.91622103
2021-11-17,153.4900055,1.23,27.36007228
2021-11-18,157.8699951,1.23,28.14081909
2021-11-19,160.5500031,1.23,28.61853887
2021-11-22,161.0200043,1.23,28.70231805
2021-11-23,161.4100037,1.23,28.77183666
2021-11-24,161.9400024,1.23,28.8663106
2021-11-26,156.8099976,1.23,27.95187122
2021-11-29,160.2400055,1.23,28.56328084
2021-11-30,165.3000031,1.23,29.46524119
2021-12-01,164.7700043,1.23,29.37076725
2021-12-02,163.7599945,1.23,29.19072986
2021-12-03,161.8399963,1.23,28.8484842
2021-12-06,165.3200073,1.23,29.46880701
2021-12-07,171.1799927,1.23,30.51336768
2021-12-08,175.0800018,1.23,31.20855648
2021-12-09,174.5599976,1.23,31.11586409
2021-12-10,179.4499969,1.23,31.98752174
2021-12-13,175.7400055,1.23,31.32620419
2021-12-14,174.3300018,1.23,31.07486664
2021-12-15,179.3000031,1.23,31.96078486
2021-12-16,172.2599945,1.23,30.70588137
2021-12-17,171.1399994,1.23,30.50623875
2021-12-20,169.75,1.23,30.25846702
2021-12-21,172.9900055,1.23,30.83600811
2021-12-22,175.6399994,1.23,31.30837779
2021-12-23,176.2799988,1.23,31.42245968
2021-12-27,180.3300018,1.23,32.14438535
2021-12-28,179.2899933,1.23,31.95900059
2021-12-29,179.3800049,1.23,31.97504543
2021-12-30,178.1999969,1.23,31.76470534
2021-12-31,177.5700073,2.1,29.44776241
2022-01-03,182.0099945,2.1,30.18407869
2022-01-04,179.6999969,2.1,29.80099452
2022-01-05,174.9199982,2.1,29.00829157
2022-01-06,172,2.1,28.52404643
2022-01-07,172.1699982,2.1,28.5522385
2022-01-10,172.1900024,2.1,28.55555596
2022-01-11,175.0800018,2.1,29.03482617
2022-01-12,175.5299988,2.1,29.10945253
2022-01-13,172.1900024,2.1,28.55555596
2022-01-14,173.0700073,2.1,28.70149375
2022-01-18,169.8000031,2.1,28.15920449
2022-01-19,166.2299957,2.1,27.56716347
2022-01-20,164.5099945,2.1,27.2819228
2022-01-21,162.4100037,2.1,26.93366562
2022-01-24,161.6199951,2.1,26.80265259
2022-01-25,159.7799988,2.1,26.49751224
2022-01-26,159.6900024,2.1,26.48258747
2022-01-27,159.2200012,2.1,26.40464365
2022-01-28,170.3300018,2.1,28.24709815
2022-01-31,174.7799988,2.1,28.98507442
2022-02-01,174.6100006,2.1,28.95688236
2022-02-02,175.8399963,2.1,29.16086175
2022-02-03,172.8999939,2.1,28.67329915
2022-02-04,172.3899994,2.1,28.58872295
2022-02-07,171.6600037,2.1,28.4676623
2022-02-08,174.8300018,2.1,28.9933668
2022-02-09,176.2799988,2.1,29.23383064
2022-02-10,172.1199951,2.1,28.54394612
2022-02-11,168.6399994,2.1,27.9668324
2022-02-14,168.8800049,2.1,28.00663431
2022-02-15,172.7899933,2.1,28.65505693
2022-02-16,172.5500031,2.1,28.61525755
2022-02-17,168.8800049,2.1,28.00663431
2022-02-18,167.3000031,2.1,27.74461079
2022-02-22,164.3200073,2.1,27.25041581
2022-02-23,160.0700073,2.1,26.54560652
2022-02-24,162.7400055,2.1,26.98839229
2022-02-25,164.8500061,2.1,27.33830947
2022-02-28,165.1199951,2.1,27.38308377
2022-03-01,163.1999969,2.1,27.06467611
2022-03-02,166.5599976,2.1,27.62189014
2022-03-03,166.2299957,2.1,27.56716347
2022-03-04,163.1699982,2.1,27.05970119
2022-03-07,159.3000031,2.1,26.41791095
2022-03-08,157.4400024,2.1,26.10945314
2022-03-09,162.9499969,2.1,27.02321674
2022-03-10,158.5200043,2.1,26.28855792
2022-03-11,154.7299957,2.1,25.66003246
2022-03-14,150.6199951,2.1,24.97844032
2022-03-15,155.0899963,2.1,25.71973405
2022-03-16,159.5899963,2.1,26.46600271
2022-03-17,160.6199951,2.1,26.63681511
2022-03-18,163.9799957,2.1,27.19402914
2022-03-21,165.3800049,2.1,27.42620313
2022-03-22,168.8200073,2.1,27.99668447
2022-03-23,170.2100067,2.1,28.22719846
2022-03-24,174.0700073,2.1,28.86733123
2022-03-25,174.7200012,2.1,28.97512458
2022-03-28,175.6000061,2.1,29.12106237
2022-03-29,178.9600067,2.1,29.6782764
2022-03-30,177.7700043,2.1,29.4809294
2022-03-31,174.6100006,1.52,28.39187002
2022-04-01,174.3099976,1.52,28.34308903
2022-04-04,178.4400024,1.52,29.01463454
2022-04-05,175.0599976,1.52,28.46504025
2022-04-06,171.8300018,1.52,27.9398377
2022-04-07,172.1399994,1.52,27.9902438
2022-04-08,170.0899963,1.52,27.65690997
2022-04-11,165.75,1.52,26.95121951
2022-04-12,167.6600037,1.52,27.26178921
2022-04-13,170.3999939,1.52,27.70731608
2022-04-14,165.2899933,1.52,26.87642167
2022-04-18,165.0700073,1.52,26.8406516
2022-04-19,167.3999939,1.52,27.2195112
2022-04-20,167.2299957,1.52,27.19186922
2022-04-21,166.4199982,1.52,27.0601623
2022-04-22,161.7899933,1.52,26.30731598
2022-04-25,162.8800049,1.52,26.48455364
2022-04-26,156.8000031,1.52,25.49593546
2022-04-27,156.5700073,1.52,25.45853778
2022-04-28,163.6399994,1.52,26.60812998
2022-04-29,157.6499939,1.52,25.63414535
2022-05-02,157.9600067,1.52,25.68455394
2022-05-03,159.4799957,1.52,25.93170662
2022-05-04,166.0200043,1.52,26.99512265
2022-05-05,156.7700043,1.52,25.49105761
2022-05-06,157.2799988,1.52,25.57398354
2022-05-09,152.0599976,1.52,24.72520286
2022-05-10,154.5099945,1.52,25.12357634
2022-05-11,146.5,1.52,23.82113821
2022-05-12,142.5599976,1.52,23.18048741
2022-05-13,147.1100006,1.52,23.9203253
2022-05-16,145.5399933,1.52,23.66503956
2022-05-17,149.2400055,1.52,24.26666756
2022-05-18,140.8200073,1.52,22.89756217
2022-05-19,137.3500061,1.52,22.33333433
2022-05-20,137.5899963,1.52,22.37235713
2022-05-23,143.1100006,1.52,23.2699188
2022-05-24,140.3600006,1.52,22.82276433
2022-05-25,140.5200043,1.52,22.84878118
2022-05-26,143.7799988,1.52,23.37886159
2022-05-27,149.6399994,1.52,24.33170722
2022-05-31,148.8399963,1.52,24.20162542
2022-06-01,148.7100067,1.52,24.1804889
2022-06-02,151.2100067,1.52,24.58699296
2022-06-03,145.3800049,1.52,23.63902518
2022-06-06,146.1399994,1.52,23.76260153
2022-06-07,148.7100067,1.52,24.1804889
2022-06-08,147.9600067,1.52,24.05853768
2022-06-09,142.6399994,1.52,23.19349584
2022-06-10,137.1300049,1.52,22.29756177
2022-06-13,131.8800049,1.52,21.44390323
2022-06-14,132.7599945,1.52,21.58699098
2022-06-15,135.4299927,1.52,22.02113702
2022-06-16,130.0599976,1.52,21.14796708
2022-06-17,131.5599976,1.52,21.39186952
2022-06-21,135.8699951,1.52,22.09268213
2022-06-22,135.3500061,1.52,22.00813107
2022-06-23,138.2700043,1.52,22.48292752
2022-06-24,141.6600037,1.52,23.03414694
2022-06-27,141.6600037,1.52,23.03414694
2022-06-28,137.4400024,1.52,22.34796788
2022-06-29,139.2299957,1.52,22.6390237
2022-06-30,136.7200012,1.2,22.59834731
2022-07-01,138.9299927,1.2,22.96363515
2022-07-05,141.5599976,1.2,23.3983467
2022-07-06,142.9199982,1.2,23.62314019
2022-07-07,146.3500061,1.2,24.19008365
2022-07-08,147.0399933,1.2,24.30413112
2022-07-11,144.8699951,1.2,23.94545374
2022-07-12,145.8600006,1.2,24.10909101
2022-07-13,145.4900055,1.2,24.04793479
2022-07-14,148.4700012,1.2,24.54049607
2022-07-15,150.1699982,1.2,24.8214873
2022-07-18,147.0700073,1.2,24.30909212
2022-07-19,151,1.2,24.95867769
2022-07-20,153.0399933,1.2,25.29586666
2022-07-21,155.3500061,1.2,25.67768696
2022-07-22,154.0899963,1.2,25.46942088
2022-07-25,152.9499969,1.2,25.28099123
2022-07-26,151.6000061,1.2,25.05785225
2022-07-27,156.7899933,1.2,25.91570137
2022-07-28,157.3500061,1.2,26.00826547
2022-07-29,162.5099945,1.2,26.86115612
2022-08-01,161.5099945,1.2,26.69586686
2022-08-02,160.0099945,1.2,26.44793298
2022-08-03,166.1300049,1.2,27.45950494
2022-08-04,165.8099976,1.2,27.40661117
2022-08-05,165.3500061,1.2,27.33057952
2022-08-08,164.8699951,1.2,27.25123886
2022-08-09,164.9199982,1.2,27.25950383
2022-08-10,169.2400055,1.2,27.97355463
2022-08-11,168.4900055,1.2,27.84958768
2022-08-12,172.1000061,1.2,28.446282
2022-08-15,173.1900024,1.2,28.62644668
2022-08-16,173.0299988,1.2,28.5999998
2022-08-17,174.5500031,1.2,28.85124017
2022-08-18,174.1499939,1.2,28.78512296
2022-08-19,171.5200043,1.2,28.35041393
2022-08-22,167.5700073,1.2,27.69752187
2022-08-23,167.2299957,1.2,27.64132161
2022-08-24,167.5299988,1.2,27.69090889
2022-08-25,170.0299988,1.2,28.10413203
2022-08-26,163.6199951,1.2,27.04462729
2022-08-29,161.3800049,1.2,26.67438097
2022-08-30,158.9100037,1.2,26.26611631
2022-08-31,157.2200012,1.2,25.98677706
2022-09-01,157.9600067,1.2,26.10909202
2022-09-02,155.8099976,1.2,25.7537186
2022-09-06,154.5299988,1.2,25.54214856
2022-09-07,155.9600067,1.2,25.77851351
2022-09-08,154.4600067,1.2,25.53057962
2022-09-09,157.3699951,1.2,26.01156944
2022-09-12,163.4299927,1.2,27.01322193
2022-09-13,153.8399963,1.2,25.42809857
2022-09-14,155.3099976,1.2,25.67107398
2022-09-15,152.3699951,1.2,25.18512316
2022-09-16,150.6999969,1.2,24.9090904
2022-09-19,154.4799957,1.2,25.53388359
2022-09-20,156.8999939,1.2,25.93388329
2022-09-21,153.7200012,1.2,25.40826466
2022-09-22,152.7400055,1.2,25.2462819
2022-09-23,150.4299927,1.2,24.8644616
2022-09-26,150.7700043,1.2,24.92066186
2022-09-27,151.7599945,1.2,25.08429661
2022-09-28,149.8399963,1.2,24.76694154
2022-09-29,142.4799957,1.2,23.55041252
2022-09-30,138.1999969,1.29,22.61865744
2022-10-03,142.4499969,1.29,23.31423845
2022-10-04,146.1000061,1.29,23.91162129
2022-10-05,146.3999939,1.29,23.96071913
2022-10-06,145.4299927,1.29,23.80196279
2022-10-07,140.0899963,1.29,22.92798631
2022-10-10,140.4199982,1.29,22.98199643
2022-10-11,138.9799957,1.29,22.74631681
2022-10-12,138.3399963,1.29,22.6415706
2022-10-13,142.9900055,1.29,23.40261956
2022-10-14,138.3800049,1.29,22.64811864
2022-10-17,142.4100037,1.29,23.30769291
2022-10-18,143.75,1.29,23.52700491
2022-10-19,143.8600006,1.29,23.54500828
2022-10-20,143.3899994,1.29,23.46808501
2022-10-21,147.2700043,1.29,24.10311036
2022-10-24,149.4499969,1.29,24.4599013
2022-10-25,152.3399963,1.29,24.93289629
2022-10-26,149.3500061,1.29,24.44353619
2022-10-27,144.8000031,1.29,23.69885484
2022-10-28,155.7400055,1.29,25.4893626
2022-10-31,153.3399963,1.29,25.09656241
2022-11-01,150.6499939,1.29,24.65630015
2022-11-02,145.0299988,1.29,23.73649735
2022-11-03,138.8800049,1.29,22.7299517
2022-11-04,138.3800049,1.29,22.64811864
2022-11-07,138.9199982,1.29,22.73649725
2022-11-08,139.5,1.29,22.8314239
2022-11-09,134.8699951,1.29,22.07364896
2022-11-10,146.8699951,1.29,24.03764241
2022-11-11,149.6999969,1.29,24.50081783
2022-11-14,148.2799988,1.29,24.26841224
2022-11-15,150.0399933,1.29,24.55646371
2022-11-16,148.7899933,1.29,24.35188106
2022-11-17,150.7200012,1.29,24.66775797
2022-11-18,151.2899933,1.29,24.76104636
2022-11-21,148.0099945,1.29,24.22422169
2022-11-22,150.1799927,1.29,24.57937687
2022-11-23,151.0700073,1.29,24.72504212
2022-11-25,148.1100006,1.29,24.2405893
2022-11-28,144.2200012,1.29,23.60392819
2022-11-29,141.1699982,1.29,23.10474602
2022-11-30,148.0299988,1.29,24.22749571
2022-12-01,148.3099976,1.29,24.27332202
2022-12-02,147.8099976,1.29,24.19148896
2022-12-05,146.6300049,1.29,23.99836414
2022-12-06,142.9100037,1.29,23.38952597
2022-12-07,140.9400024,1.29,23.06710351
2022-12-08,142.6499939,1.29,23.34697118
2022-12-09,142.1600037,1.29,23.26677638
2022-12-12,144.4900055,1.29,23.64811874
2022-12-13,145.4700012,1.29,23.80851084
2022-12-14,143.2100067,1.29,23.4386263
2022-12-15,136.5,1.29,22.34042553
2022-12-16,134.5099945,1.29,22.01472905
2022-12-19,132.3699951,1.29,21.66448365
2022-12-20,132.3000031,1.29,21.65302832
2022-12-21,135.4499969,1.29,22.16857561
2022-12-22,132.2299957,1.29,21.6415705
2022-12-23,131.8600006,1.29,21.58101483
2022-12-27,130.0299988,1.29,21.28150553
2022-12-28,126.0400009,1.29,20.62847805
2022-12-29,129.6100006,1.29,21.21276606
2022-12-30,129.9299927,1.88,22.05942151
2023-01-03,125.0699997,1.88,21.23429536
2023-01-04,126.3600006,1.88,21.4533108
2023-01-05,125.0199966,1.88,21.22580588
2023-01-06,129.6199951,1.88,22.00679034
2023-01-09,130.1499939,1.88,22.09677316
2023-01-10,130.7299957,1.88,22.19524545
2023-01-11,133.4900055,1.88,22.66383794
2023-01-12,133.4100037,1.88,22.65025529
2023-01-13,134.7599945,1.88,22.87945577
2023-01-17,135.9400024,1.88,23.07979668
2023-01-18,135.2100067,1.88,22.95585853
2023-01-19,135.2700043,1.88,22.96604487
2023-01-20,137.8699951,1.88,23.40746946
2023-01-23,141.1100006,1.88,23.95755528
2023-01-24,142.5299988,1.88,24.19864156
2023-01-25,141.8600006,1.88,24.08488975
2023-01-26,143.9600067,1.88,24.44142729
2023-01-27,145.9299927,1.88,24.7758901
2023-01-30,143,1.88,24.27843803
2023-01-31,144.2899933,1.88,24.49745217
2023-02-01,145.4299927,1.88,24.69100045
2023-02-02,150.8200073,1.88,25.6061133
2023-02-03,154.5,1.88,26.23089983
2023-02-06,151.7299957,1.88,25.76061048
2023-02-07,154.6499939,1.88,26.25636569
2023-02-08,151.9199982,1.88,25.79286896
2023-02-09,150.8699951,1.88,25.61460019
2023-02-10,151.0099945,1.88,25.63836919
2023-02-13,153.8500061,1.88,26.12054433
2023-02-14,153.1999969,1.88,26.01018624
2023-02-15,155.3300018,1.88,26.37181695
2023-02-16,153.7100067,1.88,26.09677533
2023-02-17,152.5500031,1.88,25.89983074
2023-02-21,148.4799957,1.88,25.2088278
2023-02-22,148.9100037,1.88,25.28183424
2023-02-23,149.3999939,1.88,25.36502443
2023-02-24,146.7100067,1.88,24.90832032
2023-02-27,147.9199982,1.88,25.11375181
2023-02-28,147.4100037,1.88,25.02716531
2023-03-01,145.3099976,1.88,24.67062777
2023-03-02,145.9100037,1.88,24.77249638
2023-03-03,151.0299988,1.88,25.6417655
2023-03-06,153.8300018,1.88,26.11714802
2023-03-07,151.6000061,1.88,25.73854093
2023-03-08,152.8699951,1.88,25.95415876
2023-03-09,150.5899963,1.88,25.5670622
2023-03-10,148.5,1.88,25.21222411
2023-03-13,150.4700012,1.88,25.54668951
2023-03-14,152.5899963,1.88,25.90662077
2023-03-15,152.9900055,1.88,25.97453404
2023-03-16,155.8500061,1.88,26.4601029
2023-03-17,155,1.88,26.31578947
2023-03-20,157.3999939,1.88,26.72325873
2023-03-21,159.2799988,1.88,27.04244461
2023-03-22,157.8300018,1.88,26.79626517
2023-03-23,158.9299927,1.88,26.98302083
2023-03-24,160.25,1.88,27.20713073
2023-03-27,158.2799988,1.88,26.87266533
2023-03-28,157.6499939,1.88,26.76570355
2023-03-29,160.7700043,1.88,27.29541668
2023-03-30,162.3600006,1.88,27.56536513
2023-03-31,164.8999939,1.52,27.99660338
2023-04-03,166.1699982,1.52,28.2122238
2023-04-04,165.6300049,1.52,28.12054412
2023-04-05,163.7599945,1.52,27.80305509
2023-04-06,164.6600037,1.52,27.95585801
2023-04-10,162.0299988,1.52,27.50933765
2023-04-11,160.8000031,1.52,27.30050986
2023-04-12,160.1000061,1.52,27.18166487
2023-04-13,165.5599976,1.52,28.10865833
2023-04-14,165.2100067,1.52,28.04923713
2023-04-17,165.2299957,1.52,28.05263085
2023-04-18,166.4700012,1.52,28.2631581
2023-04-19,167.6300049,1.52,28.4601027
2023-04-20,166.6499939,1.52,28.29371713
2023-04-21,165.0200043,1.52,28.01697865
2023-04-24,165.3300018,1.52,28.06960982
2023-04-25,163.7700043,1.52,27.80475455
2023-04-26,163.7599945,1.52,27.80305509
2023-04-27,168.4100037,1.52,28.59253033
2023-04-28,169.6799927,1.52,28.80814816
2023-05-01,169.5899963,1.52,28.79286865
2023-05-02,168.5399933,1.52,28.61459988
2023-05-03,167.4499969,1.52,28.42954108
2023-05-04,165.7899933,1.52,28.14770684
2023-05-05,173.5700073,1.52,29.46859208
2023-05-08,173.5,1.52,29.45670628
2023-05-09,171.7700043,1.52,29.16298884
2023-05-10,173.5599976,1.52,29.46689262
2023-05-11,173.75,1.52,29.4991511
2023-05-12,172.5700073,1.52,29.29881279
2023-05-15,172.0700073,1.52,29.21392315
2023-05-16,172.0700073,1.52,29.21392315
2023-05-17,172.6900024,1.52,29.31918547
2023-05-18,175.0500031,1.52,29.71986469
2023-05-19,175.1600037,1.52,29.73854052
2023-05-22,174.1999969,1.52,29.57555126
2023-05-23,171.5599976,1.52,29.12733405
2023-05-24,171.8399963,1.52,29.17487204
2023-05-25,172.9900055,1.52,29.37011978
2023-05-26,175.4299927,1.52,29.78437906
2023-05-30,177.3000031,1.52,30.10186809
2023-05-31,177.25,1.52,30.09337861
2023-06-01,180.0899963,1.52,30.57555116
2023-06-02,180.9499969,1.52,30.72156145
2023-06-05,179.5800018,1.52,30.48896466
2023-06-06,179.2100067,1.52,30.42614715